Id,Category,CategoryOfSequences_zn,FXY1,Title_zn,SubTitle_zn,FXY2,ElementName_zn,ElementDescription_zn,Note_zn,noteIDs,Status,translated_by
bufr4/3/02/001/1/010004,02,与垂直探测数据相关的气象序列,302001,3小时气压变化,,010004,压力,站台以下,,,Operational,"AI Translator: rag_cache, Glossary Not Used"
bufr4/3/02/001/2/010051,02,与垂直探测数据相关的气象序列,302001,3小时气压变化,,010051,将压力降低到平均海平面,,,,Operational,"AI Translator: rag_cache, Glossary Not Used"
bufr4/3/02/001/3/010061,02,与垂直探测数据相关的气象序列,302001,3小时气压变化,,010061,3小时气压变化,,,,Operational,"AI Translator: rag_cache, Glossary Not Used"
bufr4/3/02/001/4/010063,02,与垂直探测数据相关的气象序列,302001,3小时气压变化,,010063,压力趋势特性,,,,Operational,"AI Translator: rag_cache, Glossary Not Used"
bufr4/3/02/002/1/010004,02,与垂直探测数据相关的气象序列,302002,低空站,,010004,压力,站台以下,,,Operational,"AI Translator: rag_cache, Glossary Not Used"
bufr4/3/02/002/2/007004,02,与垂直探测数据相关的气象序列,302002,低空站,,007004,压力,标准压力水平,,,Operational,"AI Translator: rag_cache, Glossary Not Used"
bufr4/3/02/002/3/010003,02,与垂直探测数据相关的气象序列,302002,低空站,,010003,位势,标准压力水平,,,Operational,"AI Translator: rag_cache, Glossary Not Used"
bufr4/3/02/002/4/010061,02,与垂直探测数据相关的气象序列,302002,低空站,,010061,3小时气压变化,,,,Operational,"AI Translator: rag_cache, Glossary Not Used"
bufr4/3/02/002/5/010063,02,与垂直探测数据相关的气象序列,302002,低空站,,010063,压力趋势特性,,,,Operational,"AI Translator: rag_cache, Glossary Not Used"
bufr4/3/02/003/1/011011,02,与垂直探测数据相关的气象序列,302003,风、温度、湿度、能见度、天气,,011011,10米处的模型风向,,,,Operational,"AI Translator: rag_cache, Glossary Not Used"
bufr4/3/02/003/2/011012,02,与垂直探测数据相关的气象序列,302003,风、温度、湿度、能见度、天气,,011012,风速,,,,Operational,"AI Translator: rag_cache, Glossary Not Used"
bufr4/3/02/003/3/012004,02,与垂直探测数据相关的气象序列,302003,风、温度、湿度、能见度、天气,,012004,2米处的空气温度,,,,Operational,"AI Translator: rag_cache, Glossary Not Used"
bufr4/3/02/003/4/012006,02,与垂直探测数据相关的气象序列,302003,风、温度、湿度、能见度、天气,,012006,露点温度,,,,Operational,"AI Translator: rag_cache, Glossary Not Used"
bufr4/3/02/003/5/013003,02,与垂直探测数据相关的气象序列,302003,风、温度、湿度、能见度、天气,,013003,相对湿度,,,,Operational,"AI Translator: rag_cache, Glossary Not Used"
bufr4/3/02/003/6/020001,02,与垂直探测数据相关的气象序列,302003,风、温度、湿度、能见度、天气,,020001,水平能见度,,,,Operational,"AI Translator: rag_cache, Glossary Not Used"
bufr4/3/02/003/7/020003,02,与垂直探测数据相关的气象序列,302003,风、温度、湿度、能见度、天气,,020003,当前天气,,,,Operational,"AI Translator: rag_cache, Glossary Not Used"
bufr4/3/02/003/8/020004,02,与垂直探测数据相关的气象序列,302003,风、温度、湿度、能见度、天气,,020004,过去天气 (1),,,,Operational,"AI Translator: rag_cache, Glossary Not Used"
bufr4/3/02/003/9/020005,02,与垂直探测数据相关的气象序列,302003,风、温度、湿度、能见度、天气,,020005,过去天气 (1),,,,Operational,"AI Translator: rag_cache, Glossary Not Used"
bufr4/3/02/004/1/020010,02,与垂直探测数据相关的气象序列,302004,一般云信息,,020010,云量（总计）,,,,Operational,"AI Translator: rag_cache, Glossary Not Used"
bufr4/3/02/004/2/008002,02,与垂直探测数据相关的气象序列,302004,一般云信息,,008002,垂直意义（卫星观测）,,,,Operational,"AI Translator: rag_cache, Glossary Not Used"
bufr4/3/02/004/3/020011,02,与垂直探测数据相关的气象序列,302004,一般云信息,,020011,云量,,,,Operational,"AI Translator: rag_cache, Glossary Not Used"
bufr4/3/02/004/4/020013,02,与垂直探测数据相关的气象序列,302004,一般云信息,,020013,云顶高度,,,,Operational,"AI Translator: rag_cache, Glossary Not Used"
bufr4/3/02/004/5/020012,02,与垂直探测数据相关的气象序列,302004,一般云信息,,020012,云类型,,,,Operational,"AI Translator: rag_cache, Glossary Not Used"
bufr4/3/02/004/6/020012,02,与垂直探测数据相关的气象序列,302004,一般云信息,,020012,云类型,,,,Operational,"AI Translator: rag_cache, Glossary Not Used"
bufr4/3/02/004/7/020012,02,与垂直探测数据相关的气象序列,302004,一般云信息,,020012,云类型,,,,Operational,"AI Translator: rag_cache, Glossary Not Used"
bufr4/3/02/005/1/008002,02,与垂直探测数据相关的气象序列,302005,云层,,008002,垂直意义（卫星观测）,,,,Operational,"AI Translator: rag_cache, Glossary Not Used"
bufr4/3/02/005/2/020011,02,与垂直探测数据相关的气象序列,302005,云层,,020011,云量,,,,Operational,"AI Translator: rag_cache, Glossary Not Used"
bufr4/3/02/005/3/020012,02,与垂直探测数据相关的气象序列,302005,云层,,020012,云类型,,,,Operational,"AI Translator: rag_cache, Glossary Not Used"
bufr4/3/02/005/4/020013,02,与垂直探测数据相关的气象序列,302005,云层,,020013,云顶高度,,,,Operational,"AI Translator: rag_cache, Glossary Not Used"
bufr4/3/02/006/1/010004,02,与垂直探测数据相关的气象序列,302006,气压和24小时气压变化,,010004,压力,站台以下,,,Operational,"AI Translator: rag_cache, Glossary Not Used"
bufr4/3/02/006/2/010051,02,与垂直探测数据相关的气象序列,302006,气压和24小时气压变化,,010051,将压力降低到平均海平面,,,,Operational,"AI Translator: rag_cache, Glossary Not Used"
bufr4/3/02/006/3/010062,02,与垂直探测数据相关的气象序列,302006,气压和24小时气压变化,,010062,气压和24小时气压变化,,,,Operational,"AI Translator: rag_cache, Glossary Not Used"
bufr4/3/02/006/4/010063,02,与垂直探测数据相关的气象序列,302006,气压和24小时气压变化,,010063,压力趋势特性,,,,Operational,"AI Translator: rag_cache, Glossary Not Used"
bufr4/3/02/011/1/302001,02,与垂直探测数据相关的气象序列,302011,低空站,,302001,3小时气压变化,,,,Operational,"AI Translator: rag_cache, Glossary Not Used"
bufr4/3/02/011/2/302003,02,与垂直探测数据相关的气象序列,302011,低空站,,302003,风、温度、湿度、能见度、天气,,,,Operational,"AI Translator: rag_cache, Glossary Not Used"
bufr4/3/02/011/3/302004,02,与垂直探测数据相关的气象序列,302011,低空站,,302004,一般云信息,云层,,,Operational,"AI Translator: rag_cache, Glossary Not Used"
bufr4/3/02/012/1/302002,02,与垂直探测数据相关的气象序列,302012,低空站,,302002,低空站,气压和气压变化,,,Operational,"AI Translator: rag_cache, Glossary Not Used"
bufr4/3/02/012/2/302003,02,与垂直探测数据相关的气象序列,302012,低空站,,302003,风、温度、湿度、能见度、天气,,,,Operational,"AI Translator: rag_cache, Glossary Not Used"
bufr4/3/02/012/3/302004,02,与垂直探测数据相关的气象序列,302012,低空站,,302004,一般云信息,云层,,,Operational,"AI Translator: rag_cache, Glossary Not Used"
bufr4/3/02/013/1/302006,02,与垂直探测数据相关的气象序列,302013,基本表面报告,,302006,气压和24小时气压变化,,,,Operational,"AI Translator: rag_cache, Glossary Not Used"
bufr4/3/02/013/2/302003,02,与垂直探测数据相关的气象序列,302013,基本表面报告,,302003,风、温度、湿度、能见度、天气,,,,Operational,"AI Translator: rag_cache, Glossary Not Used"
bufr4/3/02/013/3/101000,02,与垂直探测数据相关的气象序列,302013,基本表面报告,,101000,6个描述符的延迟复制,,,,Operational,"AI Translator: rag_cache, Glossary Not Used"
bufr4/3/02/013/4/031001,02,与垂直探测数据相关的气象序列,302013,基本表面报告,,031001,描述符延迟复制因子,,,,Operational,"AI Translator: rag_cache, Glossary Not Used"
bufr4/3/02/013/5/302005,02,与垂直探测数据相关的气象序列,302013,基本表面报告,,302005,云层,,,,Operational,"AI Translator: rag_cache, Glossary Not Used"
bufr4/3/02/021/1/022001,02,与垂直探测数据相关的气象序列,302021,波浪,,022001,波浪方向已解析,,,,Operational,"AI Translator: rag_cache, Glossary Not Used"
bufr4/3/02/021/2/022011,02,与垂直探测数据相关的气象序列,302021,波浪,,022011,波浪周期,,,,Operational,"AI Translator: rag_cache, Glossary Not Used"
bufr4/3/02/021/3/022021,02,与垂直探测数据相关的气象序列,302021,波浪,,022021,显著波高,,,,Operational,"AI Translator: rag_cache, Glossary Not Used"
bufr4/3/02/022/1/022002,02,与垂直探测数据相关的气象序列,302022,（风浪）,,022002,风向,,,,Operational,"AI Translator: rag_cache, Glossary Not Used"
bufr4/3/02/022/2/022012,02,与垂直探测数据相关的气象序列,302022,（风浪）,,022012,波浪周期,,,,Operational,"AI Translator: rag_cache, Glossary Not Used"
bufr4/3/02/022/3/022022,02,与垂直探测数据相关的气象序列,302022,（风浪）,,022022,风浪高度,,,,Operational,"AI Translator: rag_cache, Glossary Not Used"
bufr4/3/02/023/1/022003,02,与垂直探测数据相关的气象序列,302023,涌浪,,022003,涌浪的方向,,,,Operational,"AI Translator: rag_cache, Glossary Not Used"
bufr4/3/02/023/2/022013,02,与垂直探测数据相关的气象序列,302023,涌浪,,022013,涌浪周期,,,,Operational,"AI Translator: rag_cache, Glossary Not Used"
bufr4/3/02/023/3/022023,02,与垂直探测数据相关的气象序列,302023,涌浪,,022023,涌浪波高,,,,Operational,"AI Translator: rag_cache, Glossary Not Used"
bufr4/3/02/024/1/302022,02,与垂直探测数据相关的气象序列,302024,风浪和涌浪,,302022,（风浪）,,,,Operational,"AI Translator: rag_cache, Glossary Not Used"
bufr4/3/02/024/2/101002,02,与垂直探测数据相关的气象序列,302024,风浪和涌浪,,101002,复制5个描述符2次,,,,Operational,"AI Translator: rag_cache, Glossary Not Used"
bufr4/3/02/024/3/302023,02,与垂直探测数据相关的气象序列,302024,风浪和涌浪,,302023,涌浪,2个膨胀系统,,,Operational,"AI Translator: rag_cache, Glossary Not Used"
bufr4/3/02/031/1/302001,02,与垂直探测数据相关的气象序列,302031,压力信息,,302001,3小时气压变化,,,,Operational,"AI Translator: rag_cache, Glossary Not Used"
bufr4/3/02/031/2/010062,02,与垂直探测数据相关的气象序列,302031,压力信息,,010062,气压和24小时气压变化,,,,Operational,"AI Translator: rag_cache, Glossary Not Used"
bufr4/3/02/031/3/007004,02,与垂直探测数据相关的气象序列,302031,压力信息,,007004,压力,标准级别,,,Operational,"AI Translator: rag_cache, Glossary Not Used"
bufr4/3/02/031/4/010009,02,与垂直探测数据相关的气象序列,302031,压力信息,,010009,位势高度,,,,Operational,"AI Translator: rag_cache, Glossary Not Used"
bufr4/3/02/032/1/007032,02,与垂直探测数据相关的气象序列,302032,温度和湿度数据,,007032,根据传感器相对于当地地面（或海洋平台甲板）的代表性高度进行调整。,温度和湿度数据,,,Operational,"AI Translator: rag_cache, Glossary Not Used"
bufr4/3/02/032/2/012101,02,与垂直探测数据相关的气象序列,302032,温度和湿度数据,,012101,温度/空气温度,比例：2,,,Operational,"AI Translator: rag_cache, Glossary Not Used"
bufr4/3/02/032/3/012103,02,与垂直探测数据相关的气象序列,302032,温度和湿度数据,,012103,露点温度,比例：2,,,Operational,"AI Translator: rag_cache, Glossary Not Used"
bufr4/3/02/032/4/013003,02,与垂直探测数据相关的气象序列,302032,温度和湿度数据,,013003,相对湿度,,,,Operational,"AI Translator: rag_cache, Glossary Not Used"
bufr4/3/02/033/1/007032,02,与垂直探测数据相关的气象序列,302033,可见性数据,,007032,根据传感器相对于当地地面（或海洋平台甲板）的代表性高度进行调整。,能见度测量系统,,,Operational,"AI Translator: rag_cache, Glossary Not Used"
bufr4/3/02/033/2/020001,02,与垂直探测数据相关的气象序列,302033,可见性数据,,020001,水平能见度,,,,Operational,"AI Translator: rag_cache, Glossary Not Used"
bufr4/3/02/034/1/007032,02,与垂直探测数据相关的气象序列,302034,过去1小时总降水量,,007032,根据传感器相对于当地地面（或海洋平台甲板）的代表性高度进行调整。,降水量测量,,,Operational,"AI Translator: rag_cache, Glossary Not Used"
bufr4/3/02/034/2/013023,02,与垂直探测数据相关的气象序列,302034,过去1小时总降水量,,013023,过去1小时总降水量,,,,Operational,"AI Translator: rag_cache, Glossary Not Used"
bufr4/3/02/035/1/302032,02,与垂直探测数据相关的气象序列,302035,基本概要“瞬时”数据,,302032,温度和湿度数据,,,,Operational,"AI Translator: rag_cache, Glossary Not Used"
bufr4/3/02/035/2/302033,02,与垂直探测数据相关的气象序列,302035,基本概要“瞬时”数据,,302033,可见性数据,,,,Operational,"AI Translator: rag_cache, Glossary Not Used"
bufr4/3/02/035/3/302034,02,与垂直探测数据相关的气象序列,302035,基本概要“瞬时”数据,,302034,过去1小时总降水量,,,,Operational,"AI Translator: rag_cache, Glossary Not Used"
bufr4/3/02/035/4/007032,02,与垂直探测数据相关的气象序列,302035,基本概要“瞬时”数据,,007032,根据传感器相对于当地地面（或海洋平台甲板）的代表性高度进行调整。,设置为缺失（取消）,,,Operational,"AI Translator: rag_cache, Glossary Not Used"
bufr4/3/02/035/5/302004,02,与垂直探测数据相关的气象序列,302035,基本概要“瞬时”数据,,302004,一般云信息,,,,Operational,"AI Translator: rag_cache, Glossary Not Used"
bufr4/3/02/035/6/101000,02,与垂直探测数据相关的气象序列,302035,基本概要“瞬时”数据,,101000,6个描述符的延迟复制,,,,Operational,"AI Translator: rag_cache, Glossary Not Used"
bufr4/3/02/035/7/031001,02,与垂直探测数据相关的气象序列,302035,基本概要“瞬时”数据,,031001,描述符延迟复制因子,,,,Operational,"AI Translator: rag_cache, Glossary Not Used"
bufr4/3/02/035/8/302005,02,与垂直探测数据相关的气象序列,302035,基本概要“瞬时”数据,,302005,云层,单个云层或云团,,,Operational,"AI Translator: rag_cache, Glossary Not Used"
bufr4/3/02/036/1/105000,02,与垂直探测数据相关的气象序列,302036,云层底部低于站点水平,,105000,6个描述符的延迟复制,,,,Operational,"AI Translator: rag_cache, Glossary Not Used"
bufr4/3/02/036/2/031001,02,与垂直探测数据相关的气象序列,302036,云层底部低于站点水平,,031001,描述符延迟复制因子,,,,Operational,"AI Translator: rag_cache, Glossary Not Used"
bufr4/3/02/036/3/008002,02,与垂直探测数据相关的气象序列,302036,云层底部低于站点水平,,008002,垂直意义（卫星观测）,,,,Operational,"AI Translator: rag_cache, Glossary Not Used"
bufr4/3/02/036/4/020011,02,与垂直探测数据相关的气象序列,302036,云层底部低于站点水平,,020011,云量,,,,Operational,"AI Translator: rag_cache, Glossary Not Used"
bufr4/3/02/036/5/020012,02,与垂直探测数据相关的气象序列,302036,云层底部低于站点水平,,020012,云类型,,,,Operational,"AI Translator: rag_cache, Glossary Not Used"
bufr4/3/02/036/6/020014,02,与垂直探测数据相关的气象序列,302036,云层底部低于站点水平,,020014,云顶高度,,,,Operational,"AI Translator: rag_cache, Glossary Not Used"
bufr4/3/02/036/7/020017,02,与垂直探测数据相关的气象序列,302036,云层底部低于站点水平,,020017,云顶描述,,,,Operational,"AI Translator: rag_cache, Glossary Not Used"
bufr4/3/02/037/1/020062,02,与垂直探测数据相关的气象序列,302037,地面状况、积雪深度、地面最低温度,,020062,地面状况（有雪或无雪）,,,,Operational,"AI Translator: rag_cache, Glossary Not Used"
bufr4/3/02/037/2/013013,02,与垂直探测数据相关的气象序列,302037,地面状况、积雪深度、地面最低温度,,013013,雪深超过0.00米,,,,Operational,"AI Translator: rag_cache, Glossary Not Used"
bufr4/3/02/037/3/012113,02,与垂直探测数据相关的气象序列,302037,地面状况、积雪深度、地面最低温度,,012113,过去12小时地面最低温度,比例：2,,,Operational,"AI Translator: rag_cache, Glossary Not Used"
bufr4/3/02/038/1/020003,02,与垂直探测数据相关的气象序列,302038,（现在和过去的天气）,,020003,当前天气,,,,Operational,"AI Translator: rag_cache, Glossary Not Used"
bufr4/3/02/038/2/004024,02,与垂直探测数据相关的气象序列,302038,（现在和过去的天气）,,004024,时间周期或位移,小时,,,Operational,"AI Translator: rag_cache, Glossary Not Used"
bufr4/3/02/038/3/020004,02,与垂直探测数据相关的气象序列,302038,（现在和过去的天气）,,020004,过去天气 (1),,,,Operational,"AI Translator: rag_cache, Glossary Not Used"
bufr4/3/02/038/4/020005,02,与垂直探测数据相关的气象序列,302038,（现在和过去的天气）,,020005,过去天气 (1),,,,Operational,"AI Translator: rag_cache, Glossary Not Used"
bufr4/3/02/039/1/004024,02,与垂直探测数据相关的气象序列,302039,总阳光数据,,004024,时间周期或位移,小时,,,Operational,"AI Translator: rag_cache, Glossary Not Used"
bufr4/3/02/039/2/014031,02,与垂直探测数据相关的气象序列,302039,总阳光数据,,014031,总日照,,,,Operational,"AI Translator: rag_cache, Glossary Not Used"
bufr4/3/02/040/1/007032,02,与垂直探测数据相关的气象序列,302040,降水量测量,,007032,根据传感器相对于当地地面（或海洋平台甲板）的代表性高度进行调整。,降水量测量,,,Operational,"AI Translator: rag_cache, Glossary Not Used"
bufr4/3/02/040/2/102002,02,与垂直探测数据相关的气象序列,302040,降水量测量,,102002,复制5个描述符2次,,,,Operational,"AI Translator: rag_cache, Glossary Not Used"
bufr4/3/02/040/3/004024,02,与垂直探测数据相关的气象序列,302040,降水量测量,,004024,时间周期或位移,小时,,,Operational,"AI Translator: rag_cache, Glossary Not Used"
bufr4/3/02/040/4/013011,02,与垂直探测数据相关的气象序列,302040,降水量测量,,013011,总降水量/总水当量,,,,Operational,"AI Translator: rag_cache, Glossary Not Used"
bufr4/3/02/041/1/007032,02,与垂直探测数据相关的气象序列,302041,极端温度数据,,007032,根据传感器相对于当地地面（或海洋平台甲板）的代表性高度进行调整。,温度测量来源,,,Operational,"AI Translator: rag_cache, Glossary Not Used"
bufr4/3/02/041/2/004024,02,与垂直探测数据相关的气象序列,302041,极端温度数据,,004024,时间周期或位移,,,,Operational,"AI Translator: rag_cache, Glossary Not Used"
bufr4/3/02/041/3/004024,02,与垂直探测数据相关的气象序列,302041,极端温度数据,,004024,时间周期或位移,,（参见注释 3 和 4）,"78,77",Operational,"AI Translator: rag_cache, Glossary Not Used"
bufr4/3/02/041/4/012111,02,与垂直探测数据相关的气象序列,302041,极端温度数据,,012111,最高温度，在指定高度和时间段内,比例：2,,,Operational,"AI Translator: rag_cache, Glossary Not Used"
bufr4/3/02/041/5/004024,02,与垂直探测数据相关的气象序列,302041,极端温度数据,,004024,时间周期或位移,,,,Operational,"AI Translator: rag_cache, Glossary Not Used"
bufr4/3/02/041/6/004024,02,与垂直探测数据相关的气象序列,302041,极端温度数据,,004024,时间周期或位移,,（参见注释 3）,77,Operational,"AI Translator: rag_cache, Glossary Not Used"
bufr4/3/02/041/7/012112,02,与垂直探测数据相关的气象序列,302041,极端温度数据,,012112,最高温度，在指定高度和时间段内,比例：2,,,Operational,"AI Translator: rag_cache, Glossary Not Used"
bufr4/3/02/042/1/007032,02,与垂直探测数据相关的气象序列,302042,风廓线仪 - 风数据探测,,007032,根据传感器相对于当地地面（或海洋平台甲板）的代表性高度进行调整。,风力测量仪器类型,,,Operational,"AI Translator: rag_cache, Glossary Not Used"
bufr4/3/02/042/2/002002,02,与垂直探测数据相关的气象序列,302042,风廓线仪 - 风数据探测,,002002,风力测量仪器类型,,,,Operational,"AI Translator: rag_cache, Glossary Not Used"
bufr4/3/02/042/3/008021,02,与垂直探测数据相关的气象序列,302042,风廓线仪 - 风数据探测,,008021,时间意义,时间平均,,,Operational,"AI Translator: rag_cache, Glossary Not Used"
bufr4/3/02/042/4/004025,02,与垂直探测数据相关的气象序列,302042,风廓线仪 - 风数据探测,,004025,时间周期或位移,= -10（分钟）或显著风向变化后的分钟数（如果有）。,,,Operational,"AI Translator: rag_cache, Glossary Not Used"
bufr4/3/02/042/5/011001,02,与垂直探测数据相关的气象序列,302042,风廓线仪 - 风数据探测,,011001,风向,,,,Operational,"AI Translator: rag_cache, Glossary Not Used"
bufr4/3/02/042/6/011002,02,与垂直探测数据相关的气象序列,302042,风廓线仪 - 风数据探测,,011002,风速,,,,Operational,"AI Translator: rag_cache, Glossary Not Used"
bufr4/3/02/042/7/008021,02,与垂直探测数据相关的气象序列,302042,风廓线仪 - 风数据探测,,008021,时间意义,设置为缺失,,,Operational,"AI Translator: rag_cache, Glossary Not Used"
bufr4/3/02/042/8/103002,02,与垂直探测数据相关的气象序列,302042,风廓线仪 - 风数据探测,,103002,复制5个描述符2次,,,,Operational,"AI Translator: rag_cache, Glossary Not Used"
bufr4/3/02/042/9/004025,02,与垂直探测数据相关的气象序列,302042,风廓线仪 - 风数据探测,,004025,时间周期或位移,分钟,,,Operational,"AI Translator: rag_cache, Glossary Not Used"
bufr4/3/02/042/10/011043,02,与垂直探测数据相关的气象序列,302042,风廓线仪 - 风数据探测,,011043,最大阵风速度,,,,Operational,"AI Translator: rag_cache, Glossary Not Used"
bufr4/3/02/042/11/011041,02,与垂直探测数据相关的气象序列,302042,风廓线仪 - 风数据探测,,011041,最大阵风速度,,,,Operational,"AI Translator: rag_cache, Glossary Not Used"
bufr4/3/02/043/1/302038,02,与垂直探测数据相关的气象序列,302043,基本概要“周期”数据,,302038,（现在和过去的天气）,,,,Operational,"AI Translator: rag_cache, Glossary Not Used"
bufr4/3/02/043/2/101002,02,与垂直探测数据相关的气象序列,302043,基本概要“周期”数据,,101002,复制5个描述符2次,,,,Operational,"AI Translator: rag_cache, Glossary Not Used"
bufr4/3/02/043/3/302039,02,与垂直探测数据相关的气象序列,302043,基本概要“周期”数据,,302039,总阳光数据,,,,Operational,"AI Translator: rag_cache, Glossary Not Used"
bufr4/3/02/043/4/302040,02,与垂直探测数据相关的气象序列,302043,基本概要“周期”数据,,302040,降水量测量,,,,Operational,"AI Translator: rag_cache, Glossary Not Used"
bufr4/3/02/043/5/302041,02,与垂直探测数据相关的气象序列,302043,基本概要“周期”数据,,302041,极端温度数据,,,,Operational,"AI Translator: rag_cache, Glossary Not Used"
bufr4/3/02/043/6/302042,02,与垂直探测数据相关的气象序列,302043,基本概要“周期”数据,,302042,风廓线仪 - 风数据探测,,,,Operational,"AI Translator: rag_cache, Glossary Not Used"
bufr4/3/02/043/7/007032,02,与垂直探测数据相关的气象序列,302043,基本概要“周期”数据,,007032,根据传感器相对于当地地面（或海洋平台甲板）的代表性高度进行调整。,设置为缺失（取消）,,,Operational,"AI Translator: rag_cache, Glossary Not Used"
bufr4/3/02/044/1/004024,02,与垂直探测数据相关的气象序列,302044,蒸发数据,,004024,时间周期或位移,小时,,,Operational,"AI Translator: rag_cache, Glossary Not Used"
bufr4/3/02/044/2/002004,02,与垂直探测数据相关的气象序列,302044,蒸发数据,,002004,蒸发量测量的仪器类型或报告蒸散量的作物类型,,,,Operational,"AI Translator: rag_cache, Glossary Not Used"
bufr4/3/02/044/3/013033,02,与垂直探测数据相关的气象序列,302044,蒸发数据,,013033,蒸发/蒸散,,,,Operational,"AI Translator: rag_cache, Glossary Not Used"
bufr4/3/02/045/1/004024,02,与垂直探测数据相关的气象序列,302045,辐射数据（1小时和24小时周期）,,004024,时间周期或位移,小时,,,Operational,"AI Translator: rag_cache, Glossary Not Used"
bufr4/3/02/045/2/014002,02,与垂直探测数据相关的气象序列,302045,辐射数据（1小时和24小时周期）,,014002,长波辐射，在指定周期内积分,,,,Operational,"AI Translator: rag_cache, Glossary Not Used"
bufr4/3/02/045/3/014004,02,与垂直探测数据相关的气象序列,302045,辐射数据（1小时和24小时周期）,,014004,长波辐射，在指定周期内积分,,,,Operational,"AI Translator: rag_cache, Glossary Not Used"
bufr4/3/02/045/4/014016,02,与垂直探测数据相关的气象序列,302045,辐射数据（1小时和24小时周期）,,014016,净辐射，在指定周期内积分,,,,Operational,"AI Translator: rag_cache, Glossary Not Used"
bufr4/3/02/045/5/014028,02,与垂直探测数据相关的气象序列,302045,辐射数据（1小时和24小时周期）,,014028,全球太阳辐射，按指定期间积分,,,,Operational,"AI Translator: rag_cache, Glossary Not Used"
bufr4/3/02/045/6/014029,02,与垂直探测数据相关的气象序列,302045,辐射数据（1小时和24小时周期）,,014029,散射太阳辐射（高精度），按指定期间积分,,,,Operational,"AI Translator: rag_cache, Glossary Not Used"
bufr4/3/02/045/7/014030,02,与垂直探测数据相关的气象序列,302045,辐射数据（1小时和24小时周期）,,014030,散射太阳辐射（高精度），按指定期间积分,,,,Operational,"AI Translator: rag_cache, Glossary Not Used"
bufr4/3/02/046/1/004024,02,与垂直探测数据相关的气象序列,302046,温度变化,,004024,时间周期或位移,,,,Operational,"AI Translator: rag_cache, Glossary Not Used"
bufr4/3/02/046/2/004024,02,与垂直探测数据相关的气象序列,302046,温度变化,,004024,时间周期或位移,,（参见注释 3）,73,Operational,"AI Translator: rag_cache, Glossary Not Used"
bufr4/3/02/046/3/012049,02,与垂直探测数据相关的气象序列,302046,温度变化,,012049,指定期间的温度变化,,,,Operational,"AI Translator: rag_cache, Glossary Not Used"
bufr4/3/02/047/1/102003,02,与垂直探测数据相关的气象序列,302047,云层漂移方向,,102003,复制5个描述符2次,,,,Operational,"AI Translator: rag_cache, Glossary Not Used"
bufr4/3/02/047/2/008002,02,与垂直探测数据相关的气象序列,302047,云层漂移方向,,008002,垂直意义（卫星观测）,,,,Operational,"AI Translator: rag_cache, Glossary Not Used"
bufr4/3/02/047/3/020054,02,与垂直探测数据相关的气象序列,302047,云层漂移方向,,020054,现象或云移动的真实方向或观察到的方向,,,,Operational,"AI Translator: rag_cache, Glossary Not Used"
bufr4/3/02/048/1/005021,02,与垂直探测数据相关的气象序列,302048,云层的方向和高度,,005021,方位或方位角,,,,Operational,"AI Translator: rag_cache, Glossary Not Used"
bufr4/3/02/048/2/007021,02,与垂直探测数据相关的气象序列,302048,云层的方向和高度,,007021,提升,提升,,,Operational,"AI Translator: rag_cache, Glossary Not Used"
bufr4/3/02/048/3/020012,02,与垂直探测数据相关的气象序列,302048,云层的方向和高度,,020012,云类型,,,,Operational,"AI Translator: rag_cache, Glossary Not Used"
bufr4/3/02/048/4/005021,02,与垂直探测数据相关的气象序列,302048,云层的方向和高度,,005021,方位或方位角,设置为缺失（取消）,,,Operational,"AI Translator: rag_cache, Glossary Not Used"
bufr4/3/02/048/5/007021,02,与垂直探测数据相关的气象序列,302048,云层的方向和高度,,007021,提升,设置为缺失（取消）,,,Operational,"AI Translator: rag_cache, Glossary Not Used"
bufr4/3/02/049/1/008002,02,与垂直探测数据相关的气象序列,302049,云信息与垂直探测一起报告,,008002,垂直意义（卫星观测）,,,,Operational,"AI Translator: rag_cache, Glossary Not Used"
bufr4/3/02/049/2/020011,02,与垂直探测数据相关的气象序列,302049,云信息与垂直探测一起报告,,020011,云量,低或中云 Nh,,,Operational,"AI Translator: rag_cache, Glossary Not Used"
bufr4/3/02/049/3/020013,02,与垂直探测数据相关的气象序列,302049,云信息与垂直探测一起报告,,020013,云顶高度,h,,,Operational,"AI Translator: rag_cache, Glossary Not Used"
bufr4/3/02/049/4/020012,02,与垂直探测数据相关的气象序列,302049,云信息与垂直探测一起报告,,020012,云类型,低云 CL,,,Operational,"AI Translator: rag_cache, Glossary Not Used"
bufr4/3/02/049/5/020012,02,与垂直探测数据相关的气象序列,302049,云信息与垂直探测一起报告,,020012,云类型,中层云 CM,,,Operational,"AI Translator: rag_cache, Glossary Not Used"
bufr4/3/02/049/6/020012,02,与垂直探测数据相关的气象序列,302049,云信息与垂直探测一起报告,,020012,云类型,高层云,,,Operational,"AI Translator: rag_cache, Glossary Not Used"
bufr4/3/02/049/7/008002,02,与垂直探测数据相关的气象序列,302049,云信息与垂直探测一起报告,,008002,垂直意义（卫星观测）,设置为缺失,,,Operational,"AI Translator: rag_cache, Glossary Not Used"
bufr4/3/02/050/1/008041,02,与垂直探测数据相关的气象序列,302050,无线电探空仪完成注册和地面观测,,008041,数据重要性,从发射点的表面观测位移,,,Operational,"AI Translator: rag_cache, Glossary Not Used"
bufr4/3/02/050/2/005021,02,与垂直探测数据相关的气象序列,302050,无线电探空仪完成注册和地面观测,,005021,方位或方位角,,,,Operational,"AI Translator: rag_cache, Glossary Not Used"
bufr4/3/02/050/3/007005,02,与垂直探测数据相关的气象序列,302050,无线电探空仪完成注册和地面观测,,007005,高度增量,,,,Operational,"AI Translator: rag_cache, Glossary Not Used"
bufr4/3/02/050/4/202130,02,与垂直探测数据相关的气象序列,302050,无线电探空仪完成注册和地面观测,,202130,更改比例尺,,,,Operational,"AI Translator: rag_cache, Glossary Not Used"
bufr4/3/02/050/5/006021,02,与垂直探测数据相关的气象序列,302050,无线电探空仪完成注册和地面观测,,006021,距离,,,,Operational,"AI Translator: rag_cache, Glossary Not Used"
bufr4/3/02/050/6/202000,02,与垂直探测数据相关的气象序列,302050,无线电探空仪完成注册和地面观测,,202000,更改比例尺,取消,,,Operational,"AI Translator: rag_cache, Glossary Not Used"
bufr4/3/02/050/7/008041,02,与垂直探测数据相关的气象序列,302050,无线电探空仪完成注册和地面观测,,008041,数据重要性,表面观测,,,Operational,"AI Translator: rag_cache, Glossary Not Used"
bufr4/3/02/050/8/201131,02,与垂直探测数据相关的气象序列,302050,无线电探空仪完成注册和地面观测,,201131,数据宽度替换,,,,Operational,"AI Translator: rag_cache, Glossary Not Used"
bufr4/3/02/050/9/202129,02,与垂直探测数据相关的气象序列,302050,无线电探空仪完成注册和地面观测,,202129,更改比例尺,,,,Operational,"AI Translator: rag_cache, Glossary Not Used"
bufr4/3/02/050/10/002115,02,与垂直探测数据相关的气象序列,302050,无线电探空仪完成注册和地面观测,,002115,表面观测设备的类型,,,,Operational,"AI Translator: rag_cache, Glossary Not Used"
bufr4/3/02/050/11/010004,02,与垂直探测数据相关的气象序列,302050,无线电探空仪完成注册和地面观测,,010004,压力,,,,Operational,"AI Translator: rag_cache, Glossary Not Used"
bufr4/3/02/050/12/002115,02,与垂直探测数据相关的气象序列,302050,无线电探空仪完成注册和地面观测,,002115,表面观测设备的类型,,,,Operational,"AI Translator: rag_cache, Glossary Not Used"
bufr4/3/02/050/13/013003,02,与垂直探测数据相关的气象序列,302050,无线电探空仪完成注册和地面观测,,013003,相对湿度,,,,Operational,"AI Translator: rag_cache, Glossary Not Used"
bufr4/3/02/050/14/202000,02,与垂直探测数据相关的气象序列,302050,无线电探空仪完成注册和地面观测,,202000,更改比例尺,取消,,,Operational,"AI Translator: rag_cache, Glossary Not Used"
bufr4/3/02/050/15/201000,02,与垂直探测数据相关的气象序列,302050,无线电探空仪完成注册和地面观测,,201000,数据宽度替换,取消,,,Operational,"AI Translator: rag_cache, Glossary Not Used"
bufr4/3/02/050/16/002115,02,与垂直探测数据相关的气象序列,302050,无线电探空仪完成注册和地面观测,,002115,表面观测设备的类型,,,,Operational,"AI Translator: rag_cache, Glossary Not Used"
bufr4/3/02/050/17/011001,02,与垂直探测数据相关的气象序列,302050,无线电探空仪完成注册和地面观测,,011001,风向,,,,Operational,"AI Translator: rag_cache, Glossary Not Used"
bufr4/3/02/050/18/011002,02,与垂直探测数据相关的气象序列,302050,无线电探空仪完成注册和地面观测,,011002,风速,,,,Operational,"AI Translator: rag_cache, Glossary Not Used"
bufr4/3/02/050/19/002115,02,与垂直探测数据相关的气象序列,302050,无线电探空仪完成注册和地面观测,,002115,表面观测设备的类型,,,,Operational,"AI Translator: rag_cache, Glossary Not Used"
bufr4/3/02/050/20/102002,02,与垂直探测数据相关的气象序列,302050,无线电探空仪完成注册和地面观测,,102002,复制5个描述符2次,,,,Operational,"AI Translator: rag_cache, Glossary Not Used"
bufr4/3/02/050/21/012101,02,与垂直探测数据相关的气象序列,302050,无线电探空仪完成注册和地面观测,,012101,温度/空气温度,,,,Operational,"AI Translator: rag_cache, Glossary Not Used"
bufr4/3/02/050/22/004024,02,与垂直探测数据相关的气象序列,302050,无线电探空仪完成注册和地面观测,,004024,时间周期或位移,小时,,,Operational,"AI Translator: rag_cache, Glossary Not Used"
bufr4/3/02/050/23/002115,02,与垂直探测数据相关的气象序列,302050,无线电探空仪完成注册和地面观测,,002115,表面观测设备的类型,,,,Operational,"AI Translator: rag_cache, Glossary Not Used"
bufr4/3/02/050/24/012103,02,与垂直探测数据相关的气象序列,302050,无线电探空仪完成注册和地面观测,,012103,露点温度,,,,Operational,"AI Translator: rag_cache, Glossary Not Used"
bufr4/3/02/050/25/012102,02,与垂直探测数据相关的气象序列,302050,无线电探空仪完成注册和地面观测,,012102,湿球温度,,,,Operational,"AI Translator: rag_cache, Glossary Not Used"
bufr4/3/02/050/26/101003,02,与垂直探测数据相关的气象序列,302050,无线电探空仪完成注册和地面观测,,101003,复制5个描述符2次,,,,Operational,"AI Translator: rag_cache, Glossary Not Used"
bufr4/3/02/050/27/020012,02,与垂直探测数据相关的气象序列,302050,无线电探空仪完成注册和地面观测,,020012,云类型,,,,Operational,"AI Translator: rag_cache, Glossary Not Used"
bufr4/3/02/050/28/020011,02,与垂直探测数据相关的气象序列,302050,无线电探空仪完成注册和地面观测,,020011,云量,,,,Operational,"AI Translator: rag_cache, Glossary Not Used"
bufr4/3/02/050/29/020013,02,与垂直探测数据相关的气象序列,302050,无线电探空仪完成注册和地面观测,,020013,云顶高度,,,,Operational,"AI Translator: rag_cache, Glossary Not Used"
bufr4/3/02/050/30/101002,02,与垂直探测数据相关的气象序列,302050,无线电探空仪完成注册和地面观测,,101002,复制5个描述符2次,,,,Operational,"AI Translator: rag_cache, Glossary Not Used"
bufr4/3/02/050/31/020003,02,与垂直探测数据相关的气象序列,302050,无线电探空仪完成注册和地面观测,,020003,当前天气,,,,Operational,"AI Translator: rag_cache, Glossary Not Used"
bufr4/3/02/051/1/010004,02,与垂直探测数据相关的气象序列,302051,,,010004,压力,,,,Operational,"AI Translator: rag_cache, Glossary Not Used"
bufr4/3/02/051/2/010051,02,与垂直探测数据相关的气象序列,302051,,,010051,将压力降低到平均海平面,,,,Operational,"AI Translator: rag_cache, Glossary Not Used"
bufr4/3/02/051/3/007004,02,与垂直探测数据相关的气象序列,302051,,,007004,压力,垂直,,,Operational,"AI Translator: rag_cache, Glossary Not Used"
bufr4/3/02/051/4/010003,02,与垂直探测数据相关的气象序列,302051,,,010003,位势,,,,Operational,"AI Translator: rag_cache, Glossary Not Used"
bufr4/3/02/051/5/012004,02,与垂直探测数据相关的气象序列,302051,,,012004,2米处的空气温度,,,,Operational,"AI Translator: rag_cache, Glossary Not Used"
bufr4/3/02/051/6/012051,02,与垂直探测数据相关的气象序列,302051,,,012051,标准偏差温度,,,,Operational,"AI Translator: rag_cache, Glossary Not Used"
bufr4/3/02/051/7/012016,02,与垂直探测数据相关的气象序列,302051,,,012016,过去12小时内2米处的最高温度,,,,Operational,"AI Translator: rag_cache, Glossary Not Used"
bufr4/3/02/051/8/012017,02,与垂直探测数据相关的气象序列,302051,,,012017,过去24小时内2米处的最低温度,,,,Operational,"AI Translator: rag_cache, Glossary Not Used"
bufr4/3/02/051/9/013004,02,与垂直探测数据相关的气象序列,302051,,,013004,蒸气压,,,,Operational,"AI Translator: rag_cache, Glossary Not Used"
bufr4/3/02/051/10/102004,02,与垂直探测数据相关的气象序列,302051,,,102004,复制5个描述符2次,,,,Operational,"AI Translator: rag_cache, Glossary Not Used"
bufr4/3/02/051/11/008051,02,与垂直探测数据相关的气象序列,302051,,,008051,用于统计计算中缺失值数量的限定符,,,,Operational,"AI Translator: rag_cache, Glossary Not Used"
bufr4/3/02/051/12/008020,02,与垂直探测数据相关的气象序列,302051,,,008020,缺失实体的总数（相对于累积或平均值）,,,,Operational,"AI Translator: rag_cache, Glossary Not Used"
bufr4/3/02/052/1/007032,02,与垂直探测数据相关的气象序列,302052,船舶温度和湿度数据,,007032,根据传感器相对于当地地面（或海洋平台甲板）的代表性高度进行调整。,温度和湿度数据,,,Operational,"AI Translator: rag_cache, Glossary Not Used"
bufr4/3/02/052/2/007033,02,与垂直探测数据相关的气象序列,302052,船舶温度和湿度数据,,007033,传感器高于水面的位置,温度和湿度数据,,,Operational,"AI Translator: rag_cache, Glossary Not Used"
bufr4/3/02/052/3/012101,02,与垂直探测数据相关的气象序列,302052,船舶温度和湿度数据,,012101,温度/空气温度,比例：2,,,Operational,"AI Translator: rag_cache, Glossary Not Used"
bufr4/3/02/052/4/002039,02,与垂直探测数据相关的气象序列,302052,船舶温度和湿度数据,,002039,湿球温度,,,,Operational,"AI Translator: rag_cache, Glossary Not Used"
bufr4/3/02/052/5/012102,02,与垂直探测数据相关的气象序列,302052,船舶温度和湿度数据,,012102,湿球温度,比例：2,,,Operational,"AI Translator: rag_cache, Glossary Not Used"
bufr4/3/02/052/6/012103,02,与垂直探测数据相关的气象序列,302052,船舶温度和湿度数据,,012103,露点温度,比例：2,,,Operational,"AI Translator: rag_cache, Glossary Not Used"
bufr4/3/02/052/7/013003,02,与垂直探测数据相关的气象序列,302052,船舶温度和湿度数据,,013003,相对湿度,,,,Operational,"AI Translator: rag_cache, Glossary Not Used"
bufr4/3/02/053/1/007032,02,与垂直探测数据相关的气象序列,302053,船舶可见性数据,,007032,根据传感器相对于当地地面（或海洋平台甲板）的代表性高度进行调整。,能见度测量系统,,,Operational,"AI Translator: rag_cache, Glossary Not Used"
bufr4/3/02/053/2/007033,02,与垂直探测数据相关的气象序列,302053,船舶可见性数据,,007033,传感器高于水面的位置,能见度测量系统,,,Operational,"AI Translator: rag_cache, Glossary Not Used"
bufr4/3/02/053/3/020001,02,与垂直探测数据相关的气象序列,302053,船舶可见性数据,,020001,水平能见度,,,,Operational,"AI Translator: rag_cache, Glossary Not Used"
bufr4/3/02/054/1/302052,02,与垂直探测数据相关的气象序列,302054,船舶“瞬时”数据,,302052,船舶温度和湿度数据,,,,Operational,"AI Translator: rag_cache, Glossary Not Used"
bufr4/3/02/054/2/302053,02,与垂直探测数据相关的气象序列,302054,船舶“瞬时”数据,,302053,船舶可见性数据,,,,Operational,"AI Translator: rag_cache, Glossary Not Used"
bufr4/3/02/054/3/007033,02,与垂直探测数据相关的气象序列,302054,船舶“瞬时”数据,,007033,传感器高于水面的位置,设置为缺失（取消）,,,Operational,"AI Translator: rag_cache, Glossary Not Used"
bufr4/3/02/054/4/302034,02,与垂直探测数据相关的气象序列,302054,船舶“瞬时”数据,,302034,过去1小时总降水量,,,,Operational,"AI Translator: rag_cache, Glossary Not Used"
bufr4/3/02/054/5/007032,02,与垂直探测数据相关的气象序列,302054,船舶“瞬时”数据,,007032,根据传感器相对于当地地面（或海洋平台甲板）的代表性高度进行调整。,设置为缺失（取消）,,,Operational,"AI Translator: rag_cache, Glossary Not Used"
bufr4/3/02/054/6/302004,02,与垂直探测数据相关的气象序列,302054,船舶“瞬时”数据,,302004,一般云信息,,,,Operational,"AI Translator: rag_cache, Glossary Not Used"
bufr4/3/02/054/7/101000,02,与垂直探测数据相关的气象序列,302054,船舶“瞬时”数据,,101000,6个描述符的延迟复制,,,,Operational,"AI Translator: rag_cache, Glossary Not Used"
bufr4/3/02/054/8/031001,02,与垂直探测数据相关的气象序列,302054,船舶“瞬时”数据,,031001,描述符延迟复制因子,,,,Operational,"AI Translator: rag_cache, Glossary Not Used"
bufr4/3/02/054/9/302005,02,与垂直探测数据相关的气象序列,302054,船舶“瞬时”数据,,302005,云层,,,,Operational,"AI Translator: rag_cache, Glossary Not Used"
bufr4/3/02/055/1/020031,02,与垂直探测数据相关的气象序列,302055,结冰和冰,,020031,冰沉积（厚度）,,,,Operational,"AI Translator: rag_cache, Glossary Not Used"
bufr4/3/02/055/2/020032,02,与垂直探测数据相关的气象序列,302055,结冰和冰,,020032,冰积速率（估算）,,,,Operational,"AI Translator: rag_cache, Glossary Not Used"
bufr4/3/02/055/3/020033,02,与垂直探测数据相关的气象序列,302055,结冰和冰,,020033,结冰原因,,,,Operational,"AI Translator: rag_cache, Glossary Not Used"
bufr4/3/02/055/4/020034,02,与垂直探测数据相关的气象序列,302055,结冰和冰,,020034,海冰浓度,,,,Operational,"AI Translator: rag_cache, Glossary Not Used"
bufr4/3/02/055/5/020035,02,与垂直探测数据相关的气象序列,302055,结冰和冰,,020035,冰的数量和类型,,,,Operational,"AI Translator: rag_cache, Glossary Not Used"
bufr4/3/02/055/6/020036,02,与垂直探测数据相关的气象序列,302055,结冰和冰,,020036,冰况,,,,Operational,"AI Translator: rag_cache, Glossary Not Used"
bufr4/3/02/055/7/020037,02,与垂直探测数据相关的气象序列,302055,结冰和冰,,020037,冰发展,,,,Operational,"AI Translator: rag_cache, Glossary Not Used"
bufr4/3/02/055/8/020038,02,与垂直探测数据相关的气象序列,302055,结冰和冰,,020038,冰缘承载,,,,Operational,"AI Translator: rag_cache, Glossary Not Used"
bufr4/3/02/056/1/002038,02,与垂直探测数据相关的气象序列,302056,海面温度,,002038,温度/盐度测量限定符,,,,Operational,"AI Translator: rag_cache, Glossary Not Used"
bufr4/3/02/056/2/007063,02,与垂直探测数据相关的气象序列,302056,海面温度,,007063,水面/海面以下的深度,海面温度,,,Operational,"AI Translator: rag_cache, Glossary Not Used"
bufr4/3/02/056/3/022043,02,与垂直探测数据相关的气象序列,302056,海面温度,,022043,海面温度,,,,Operational,"AI Translator: rag_cache, Glossary Not Used"
bufr4/3/02/056/4/007063,02,与垂直探测数据相关的气象序列,302056,海面温度,,007063,水面/海面以下的深度,设置为缺失（取消）,,,Operational,"AI Translator: rag_cache, Glossary Not Used"
bufr4/3/02/057/1/302056,02,与垂直探测数据相关的气象序列,302057,船舶海洋数据,,302056,海面温度,海面温度、测量方法和海面以下的深度,,,Operational,"AI Translator: rag_cache, Glossary Not Used"
bufr4/3/02/057/2/302021,02,与垂直探测数据相关的气象序列,302057,船舶海洋数据,,302021,波浪,,,,Operational,"AI Translator: rag_cache, Glossary Not Used"
bufr4/3/02/057/3/302024,02,与垂直探测数据相关的气象序列,302057,船舶海洋数据,,302024,风浪和涌浪,,,,Operational,"AI Translator: rag_cache, Glossary Not Used"
bufr4/3/02/058/1/007032,02,与垂直探测数据相关的气象序列,302058,(船舶极端温度数据),,007032,根据传感器相对于当地地面（或海洋平台甲板）的代表性高度进行调整。,温度测量来源,,,Operational,"AI Translator: rag_cache, Glossary Not Used"
bufr4/3/02/058/2/007033,02,与垂直探测数据相关的气象序列,302058,(船舶极端温度数据),,007033,传感器高于水面的位置,温度测量来源,,,Operational,"AI Translator: rag_cache, Glossary Not Used"
bufr4/3/02/058/3/004024,02,与垂直探测数据相关的气象序列,302058,(船舶极端温度数据),,004024,时间周期或位移,,,,Operational,"AI Translator: rag_cache, Glossary Not Used"
bufr4/3/02/058/4/004024,02,与垂直探测数据相关的气象序列,302058,(船舶极端温度数据),,004024,时间周期或位移,,（参见注释 3 和 4）,"78,77",Operational,"AI Translator: rag_cache, Glossary Not Used"
bufr4/3/02/058/5/012111,02,与垂直探测数据相关的气象序列,302058,(船舶极端温度数据),,012111,最高温度，在指定高度和时间段内,比例：2,,,Operational,"AI Translator: rag_cache, Glossary Not Used"
bufr4/3/02/058/6/004024,02,与垂直探测数据相关的气象序列,302058,(船舶极端温度数据),,004024,时间周期或位移,,,,Operational,"AI Translator: rag_cache, Glossary Not Used"
bufr4/3/02/058/7/004024,02,与垂直探测数据相关的气象序列,302058,(船舶极端温度数据),,004024,时间周期或位移,,（参见注释 3）,77,Operational,"AI Translator: rag_cache, Glossary Not Used"
bufr4/3/02/058/8/012112,02,与垂直探测数据相关的气象序列,302058,(船舶极端温度数据),,012112,最高温度，在指定高度和时间段内,比例：2,,,Operational,"AI Translator: rag_cache, Glossary Not Used"
bufr4/3/02/059/1/007032,02,与垂直探测数据相关的气象序列,302059,船舶或其他海洋平台风数据,,007032,根据传感器相对于当地地面（或海洋平台甲板）的代表性高度进行调整。,风力测量仪器类型,,,Operational,"AI Translator: rag_cache, Glossary Not Used"
bufr4/3/02/059/2/007033,02,与垂直探测数据相关的气象序列,302059,船舶或其他海洋平台风数据,,007033,传感器高于水面的位置,风力测量仪器类型,,,Operational,"AI Translator: rag_cache, Glossary Not Used"
bufr4/3/02/059/3/002002,02,与垂直探测数据相关的气象序列,302059,船舶或其他海洋平台风数据,,002002,风力测量仪器类型,,,,Operational,"AI Translator: rag_cache, Glossary Not Used"
bufr4/3/02/059/4/008021,02,与垂直探测数据相关的气象序列,302059,船舶或其他海洋平台风数据,,008021,时间意义,时间平均,,,Operational,"AI Translator: rag_cache, Glossary Not Used"
bufr4/3/02/059/5/004025,02,与垂直探测数据相关的气象序列,302059,船舶或其他海洋平台风数据,,004025,时间周期或位移,= -10（分钟）或显著风向变化后的分钟数（如果有）。,,,Operational,"AI Translator: rag_cache, Glossary Not Used"
bufr4/3/02/059/6/011001,02,与垂直探测数据相关的气象序列,302059,船舶或其他海洋平台风数据,,011001,风向,,,,Operational,"AI Translator: rag_cache, Glossary Not Used"
bufr4/3/02/059/7/011002,02,与垂直探测数据相关的气象序列,302059,船舶或其他海洋平台风数据,,011002,风速,,,,Operational,"AI Translator: rag_cache, Glossary Not Used"
bufr4/3/02/059/8/008021,02,与垂直探测数据相关的气象序列,302059,船舶或其他海洋平台风数据,,008021,时间意义,设置为缺失,,,Operational,"AI Translator: rag_cache, Glossary Not Used"
bufr4/3/02/059/9/103002,02,与垂直探测数据相关的气象序列,302059,船舶或其他海洋平台风数据,,103002,复制5个描述符2次,,,,Operational,"AI Translator: rag_cache, Glossary Not Used"
bufr4/3/02/059/10/004025,02,与垂直探测数据相关的气象序列,302059,船舶或其他海洋平台风数据,,004025,时间周期或位移,分钟,,,Operational,"AI Translator: rag_cache, Glossary Not Used"
bufr4/3/02/059/11/011043,02,与垂直探测数据相关的气象序列,302059,船舶或其他海洋平台风数据,,011043,最大阵风速度,,,,Operational,"AI Translator: rag_cache, Glossary Not Used"
bufr4/3/02/059/12/011041,02,与垂直探测数据相关的气象序列,302059,船舶或其他海洋平台风数据,,011041,最大阵风速度,,,,Operational,"AI Translator: rag_cache, Glossary Not Used"
bufr4/3/02/060/1/302038,02,与垂直探测数据相关的气象序列,302060,船舶“周期”数据,,302038,（现在和过去的天气）,,,,Operational,"AI Translator: rag_cache, Glossary Not Used"
bufr4/3/02/060/2/302040,02,与垂直探测数据相关的气象序列,302060,船舶“周期”数据,,302040,降水量测量,,,,Operational,"AI Translator: rag_cache, Glossary Not Used"
bufr4/3/02/060/3/302058,02,与垂直探测数据相关的气象序列,302060,船舶“周期”数据,,302058,(船舶极端温度数据),,,,Operational,"AI Translator: rag_cache, Glossary Not Used"
bufr4/3/02/060/4/302059,02,与垂直探测数据相关的气象序列,302060,船舶“周期”数据,,302059,船舶或其他海洋平台风数据,,,,Operational,"AI Translator: rag_cache, Glossary Not Used"
bufr4/3/02/062/1/025188,02,与垂直探测数据相关的气象序列,302062,船舶“瞬时”数据,,025188,将压力降低到海平面的方法,,,,Operational,"AI Translator: rag_cache, Glossary Not Used"
bufr4/3/02/062/2/302001,02,与垂直探测数据相关的气象序列,302062,船舶“瞬时”数据,,302001,3小时气压变化,,,,Operational,"AI Translator: rag_cache, Glossary Not Used"
bufr4/3/02/062/3/302093,02,与垂直探测数据相关的气象序列,302062,船舶“瞬时”数据,,302093,船舶温度和湿度数据,,,,Operational,"AI Translator: rag_cache, Glossary Not Used"
bufr4/3/02/062/4/101000,02,与垂直探测数据相关的气象序列,302062,船舶“瞬时”数据,,101000,6个描述符的延迟复制,,,,Operational,"AI Translator: rag_cache, Glossary Not Used"
bufr4/3/02/062/5/031000,02,与垂直探测数据相关的气象序列,302062,船舶“瞬时”数据,,031000,描述符延迟复制因子,,,,Operational,"AI Translator: rag_cache, Glossary Not Used"
bufr4/3/02/062/6/302053,02,与垂直探测数据相关的气象序列,302062,船舶“瞬时”数据,,302053,船舶可见性数据,,,,Operational,"AI Translator: rag_cache, Glossary Not Used"
bufr4/3/02/062/7/007032,02,与垂直探测数据相关的气象序列,302062,船舶“瞬时”数据,,007032,根据传感器相对于当地地面（或海洋平台甲板）的代表性高度进行调整。,设置为缺失（取消）,,,Operational,"AI Translator: rag_cache, Glossary Not Used"
bufr4/3/02/062/8/007033,02,与垂直探测数据相关的气象序列,302062,船舶“瞬时”数据,,007033,传感器高于水面的位置,设置为缺失（取消）,,,Operational,"AI Translator: rag_cache, Glossary Not Used"
bufr4/3/02/062/9/101000,02,与垂直探测数据相关的气象序列,302062,船舶“瞬时”数据,,101000,6个描述符的延迟复制,,,,Operational,"AI Translator: rag_cache, Glossary Not Used"
bufr4/3/02/062/10/031000,02,与垂直探测数据相关的气象序列,302062,船舶“瞬时”数据,,031000,描述符延迟复制因子,,,,Operational,"AI Translator: rag_cache, Glossary Not Used"
bufr4/3/02/062/11/302004,02,与垂直探测数据相关的气象序列,302062,船舶“瞬时”数据,,302004,一般云信息,,,,Operational,"AI Translator: rag_cache, Glossary Not Used"
bufr4/3/02/062/12/101000,02,与垂直探测数据相关的气象序列,302062,船舶“瞬时”数据,,101000,6个描述符的延迟复制,,,,Operational,"AI Translator: rag_cache, Glossary Not Used"
bufr4/3/02/062/13/031001,02,与垂直探测数据相关的气象序列,302062,船舶“瞬时”数据,,031001,描述符延迟复制因子,,,,Operational,"AI Translator: rag_cache, Glossary Not Used"
bufr4/3/02/062/14/302005,02,与垂直探测数据相关的气象序列,302062,船舶“瞬时”数据,,302005,云层,,,,Operational,"AI Translator: rag_cache, Glossary Not Used"
bufr4/3/02/062/15/008002,02,与垂直探测数据相关的气象序列,302062,船舶“瞬时”数据,,008002,垂直意义（卫星观测）,设置为缺失（取消）,,,Operational,"AI Translator: rag_cache, Glossary Not Used"
bufr4/3/02/062/16/101000,02,与垂直探测数据相关的气象序列,302062,船舶“瞬时”数据,,101000,6个描述符的延迟复制,,,,Operational,"AI Translator: rag_cache, Glossary Not Used"
bufr4/3/02/062/17/031000,02,与垂直探测数据相关的气象序列,302062,船舶“瞬时”数据,,031000,描述符延迟复制因子,,,,Operational,"AI Translator: rag_cache, Glossary Not Used"
bufr4/3/02/062/18/302055,02,与垂直探测数据相关的气象序列,302062,船舶“瞬时”数据,,302055,结冰和冰,,,,Operational,"AI Translator: rag_cache, Glossary Not Used"
bufr4/3/02/062/19/101000,02,与垂直探测数据相关的气象序列,302062,船舶“瞬时”数据,,101000,6个描述符的延迟复制,,,,Operational,"AI Translator: rag_cache, Glossary Not Used"
bufr4/3/02/062/20/031000,02,与垂直探测数据相关的气象序列,302062,船舶“瞬时”数据,,031000,描述符延迟复制因子,,,,Operational,"AI Translator: rag_cache, Glossary Not Used"
bufr4/3/02/062/21/302056,02,与垂直探测数据相关的气象序列,302062,船舶“瞬时”数据,,302056,海面温度,,,,Operational,"AI Translator: rag_cache, Glossary Not Used"
bufr4/3/02/062/22/101000,02,与垂直探测数据相关的气象序列,302062,船舶“瞬时”数据,,101000,6个描述符的延迟复制,,,,Operational,"AI Translator: rag_cache, Glossary Not Used"
bufr4/3/02/062/23/031000,02,与垂直探测数据相关的气象序列,302062,船舶“瞬时”数据,,031000,描述符延迟复制因子,,,,Operational,"AI Translator: rag_cache, Glossary Not Used"
bufr4/3/02/062/24/302021,02,与垂直探测数据相关的气象序列,302062,船舶“瞬时”数据,,302021,波浪,,,,Operational,"AI Translator: rag_cache, Glossary Not Used"
bufr4/3/02/062/25/101000,02,与垂直探测数据相关的气象序列,302062,船舶“瞬时”数据,,101000,6个描述符的延迟复制,,,,Operational,"AI Translator: rag_cache, Glossary Not Used"
bufr4/3/02/062/26/031000,02,与垂直探测数据相关的气象序列,302062,船舶“瞬时”数据,,031000,描述符延迟复制因子,,,,Operational,"AI Translator: rag_cache, Glossary Not Used"
bufr4/3/02/062/27/302024,02,与垂直探测数据相关的气象序列,302062,船舶“瞬时”数据,,302024,风浪和涌浪,,,,Operational,"AI Translator: rag_cache, Glossary Not Used"
bufr4/3/02/063/1/302038,02,与垂直探测数据相关的气象序列,302063,船舶“周期”数据,,302038,（现在和过去的天气）,,,,Operational,"AI Translator: rag_cache, Glossary Not Used"
bufr4/3/02/063/2/101000,02,与垂直探测数据相关的气象序列,302063,船舶“周期”数据,,101000,6个描述符的延迟复制,,,,Operational,"AI Translator: rag_cache, Glossary Not Used"
bufr4/3/02/063/3/031000,02,与垂直探测数据相关的气象序列,302063,船舶“周期”数据,,031000,描述符延迟复制因子,,,,Operational,"AI Translator: rag_cache, Glossary Not Used"
bufr4/3/02/063/4/302040,02,与垂直探测数据相关的气象序列,302063,船舶“周期”数据,,302040,降水量测量,,,,Operational,"AI Translator: rag_cache, Glossary Not Used"
bufr4/3/02/063/5/101000,02,与垂直探测数据相关的气象序列,302063,船舶“周期”数据,,101000,6个描述符的延迟复制,,,,Operational,"AI Translator: rag_cache, Glossary Not Used"
bufr4/3/02/063/6/031000,02,与垂直探测数据相关的气象序列,302063,船舶“周期”数据,,031000,描述符延迟复制因子,,,,Operational,"AI Translator: rag_cache, Glossary Not Used"
bufr4/3/02/063/7/302034,02,与垂直探测数据相关的气象序列,302063,船舶“周期”数据,,302034,过去1小时总降水量,,,,Operational,"AI Translator: rag_cache, Glossary Not Used"
bufr4/3/02/063/8/007032,02,与垂直探测数据相关的气象序列,302063,船舶“周期”数据,,007032,根据传感器相对于当地地面（或海洋平台甲板）的代表性高度进行调整。,设置为缺失（取消）,,,Operational,"AI Translator: rag_cache, Glossary Not Used"
bufr4/3/02/063/9/101000,02,与垂直探测数据相关的气象序列,302063,船舶“周期”数据,,101000,6个描述符的延迟复制,,,,Operational,"AI Translator: rag_cache, Glossary Not Used"
bufr4/3/02/063/10/031000,02,与垂直探测数据相关的气象序列,302063,船舶“周期”数据,,031000,描述符延迟复制因子,,,,Operational,"AI Translator: rag_cache, Glossary Not Used"
bufr4/3/02/063/11/302058,02,与垂直探测数据相关的气象序列,302063,船舶“周期”数据,,302058,(船舶极端温度数据),,,,Operational,"AI Translator: rag_cache, Glossary Not Used"
bufr4/3/02/063/12/101000,02,与垂直探测数据相关的气象序列,302063,船舶“周期”数据,,101000,6个描述符的延迟复制,,,,Operational,"AI Translator: rag_cache, Glossary Not Used"
bufr4/3/02/063/13/031000,02,与垂直探测数据相关的气象序列,302063,船舶“周期”数据,,031000,描述符延迟复制因子,,,,Operational,"AI Translator: rag_cache, Glossary Not Used"
bufr4/3/02/063/14/302064,02,与垂直探测数据相关的气象序列,302063,船舶“周期”数据,,302064,船舶或其他海洋平台风数据,,,,Operational,"AI Translator: rag_cache, Glossary Not Used"
bufr4/3/02/064/1/007032,02,与垂直探测数据相关的气象序列,302064,船舶或其他海洋平台风数据,,007032,根据传感器相对于当地地面（或海洋平台甲板）的代表性高度进行调整。,,,,Operational,"AI Translator: rag_cache, Glossary Not Used"
bufr4/3/02/064/2/007033,02,与垂直探测数据相关的气象序列,302064,船舶或其他海洋平台风数据,,007033,传感器高于水面的位置,,,,Operational,"AI Translator: rag_cache, Glossary Not Used"
bufr4/3/02/064/3/002002,02,与垂直探测数据相关的气象序列,302064,船舶或其他海洋平台风数据,,002002,风力测量仪器类型,,,,Operational,"AI Translator: rag_cache, Glossary Not Used"
bufr4/3/02/064/4/008021,02,与垂直探测数据相关的气象序列,302064,船舶或其他海洋平台风数据,,008021,时间意义,时间平均,,,Operational,"AI Translator: rag_cache, Glossary Not Used"
bufr4/3/02/064/5/004025,02,与垂直探测数据相关的气象序列,302064,船舶或其他海洋平台风数据,,004025,时间周期或位移,,,,Operational,"AI Translator: rag_cache, Glossary Not Used"
bufr4/3/02/064/6/011001,02,与垂直探测数据相关的气象序列,302064,船舶或其他海洋平台风数据,,011001,风向,,,,Operational,"AI Translator: rag_cache, Glossary Not Used"
bufr4/3/02/064/7/011002,02,与垂直探测数据相关的气象序列,302064,船舶或其他海洋平台风数据,,011002,风速,,,,Operational,"AI Translator: rag_cache, Glossary Not Used"
bufr4/3/02/064/8/008021,02,与垂直探测数据相关的气象序列,302064,船舶或其他海洋平台风数据,,008021,时间意义,设置为缺失（取消）,,,Operational,"AI Translator: rag_cache, Glossary Not Used"
bufr4/3/02/064/9/103000,02,与垂直探测数据相关的气象序列,302064,船舶或其他海洋平台风数据,,103000,6个描述符的延迟复制,,,,Operational,"AI Translator: rag_cache, Glossary Not Used"
bufr4/3/02/064/10/031001,02,与垂直探测数据相关的气象序列,302064,船舶或其他海洋平台风数据,,031001,描述符延迟复制因子,,,,Operational,"AI Translator: rag_cache, Glossary Not Used"
bufr4/3/02/064/11/004025,02,与垂直探测数据相关的气象序列,302064,船舶或其他海洋平台风数据,,004025,时间周期或位移,,,,Operational,"AI Translator: rag_cache, Glossary Not Used"
bufr4/3/02/064/12/011043,02,与垂直探测数据相关的气象序列,302064,船舶或其他海洋平台风数据,,011043,最大阵风速度,,,,Operational,"AI Translator: rag_cache, Glossary Not Used"
bufr4/3/02/064/13/011041,02,与垂直探测数据相关的气象序列,302064,船舶或其他海洋平台风数据,,011041,最大阵风速度,,,,Operational,"AI Translator: rag_cache, Glossary Not Used"
bufr4/3/02/065/1/301129,02,与垂直探测数据相关的气象序列,302065,(CFOSAT（中法海洋卫星）：SWIM非正射数据),,301129,卫星仪器,,,,Operational,"AI Translator: rag_cache, Glossary Not Used"
bufr4/3/02/065/2/104000,02,与垂直探测数据相关的气象序列,302065,(CFOSAT（中法海洋卫星）：SWIM非正射数据),,104000,6个描述符的延迟复制,,,,Operational,"AI Translator: rag_cache, Glossary Not Used"
bufr4/3/02/065/3/031002,02,与垂直探测数据相关的气象序列,302065,(CFOSAT（中法海洋卫星）：SWIM非正射数据),,031002,描述符延迟复制因子,,,,Operational,"AI Translator: rag_cache, Glossary Not Used"
bufr4/3/02/065/4/005074,02,与垂直探测数据相关的气象序列,302065,(CFOSAT（中法海洋卫星）：SWIM非正射数据),,005074,索引在范围方向,,,,Operational,"AI Translator: rag_cache, Glossary Not Used"
bufr4/3/02/065/5/202133,02,与垂直探测数据相关的气象序列,302065,(CFOSAT（中法海洋卫星）：SWIM非正射数据),,202133,更改比例尺,,,,Operational,"AI Translator: rag_cache, Glossary Not Used"
bufr4/3/02/065/6/006029,02,与垂直探测数据相关的气象序列,302065,(CFOSAT（中法海洋卫星）：SWIM非正射数据),,006029,波数,,,,Operational,"AI Translator: rag_cache, Glossary Not Used"
bufr4/3/02/065/7/202000,02,与垂直探测数据相关的气象序列,302065,(CFOSAT（中法海洋卫星）：SWIM非正射数据),,202000,取消更改比例尺,,,,Operational,"AI Translator: rag_cache, Glossary Not Used"
bufr4/3/02/065/8/102024,02,与垂直探测数据相关的气象序列,302065,(CFOSAT（中法海洋卫星）：SWIM非正射数据),,102024,复制5个描述符2次,,,,Operational,"AI Translator: rag_cache, Glossary Not Used"
bufr4/3/02/065/9/005075,02,与垂直探测数据相关的气象序列,302065,(CFOSAT（中法海洋卫星）：SWIM非正射数据),,005075,方位方向的索引,,,,Operational,"AI Translator: rag_cache, Glossary Not Used"
bufr4/3/02/065/10/025082,02,与垂直探测数据相关的气象序列,302065,(CFOSAT（中法海洋卫星）：SWIM非正射数据),,025082,方位角,,,,Operational,"AI Translator: rag_cache, Glossary Not Used"
bufr4/3/02/065/11/005092,02,与垂直探测数据相关的气象序列,302065,(CFOSAT（中法海洋卫星）：SWIM非正射数据),,005092,侧轨索引或沿横向轨行号,,,,Operational,"AI Translator: rag_cache, Glossary Not Used"
bufr4/3/02/065/12/001124,02,与垂直探测数据相关的气象序列,302065,(CFOSAT（中法海洋卫星）：SWIM非正射数据),,001124,网格点标识符,,,,Operational,"AI Translator: rag_cache, Glossary Not Used"
bufr4/3/02/065/13/005001,02,与垂直探测数据相关的气象序列,302065,(CFOSAT（中法海洋卫星）：SWIM非正射数据),,005001,纬度/经度（高精度）,,,,Operational,"AI Translator: rag_cache, Glossary Not Used"
bufr4/3/02/065/14/006001,02,与垂直探测数据相关的气象序列,302065,(CFOSAT（中法海洋卫星）：SWIM非正射数据),,006001,纬度/经度（高精度）,,,,Operational,"AI Translator: rag_cache, Glossary Not Used"
bufr4/3/02/065/15/301130,02,与垂直探测数据相关的气象序列,302065,(CFOSAT（中法海洋卫星）：SWIM非正射数据),,301130,高精度时间戳,,,,Operational,"AI Translator: rag_cache, Glossary Not Used"
bufr4/3/02/065/16/110000,02,与垂直探测数据相关的气象序列,302065,(CFOSAT（中法海洋卫星）：SWIM非正射数据),,110000,6个描述符的延迟复制,,,,Operational,"AI Translator: rag_cache, Glossary Not Used"
bufr4/3/02/065/17/031002,02,与垂直探测数据相关的气象序列,302065,(CFOSAT（中法海洋卫星）：SWIM非正射数据),,031002,描述符延迟复制因子,,,,Operational,"AI Translator: rag_cache, Glossary Not Used"
bufr4/3/02/065/18/005074,02,与垂直探测数据相关的气象序列,302065,(CFOSAT（中法海洋卫星）：SWIM非正射数据),,005074,索引在范围方向,,,,Operational,"AI Translator: rag_cache, Glossary Not Used"
bufr4/3/02/065/19/108024,02,与垂直探测数据相关的气象序列,302065,(CFOSAT（中法海洋卫星）：SWIM非正射数据),,108024,复制5个描述符2次,,,,Operational,"AI Translator: rag_cache, Glossary Not Used"
bufr4/3/02/065/20/005075,02,与垂直探测数据相关的气象序列,302065,(CFOSAT（中法海洋卫星）：SWIM非正射数据),,005075,方位方向的索引,,,,Operational,"AI Translator: rag_cache, Glossary Not Used"
bufr4/3/02/065/21/008085,02,与垂直探测数据相关的气象序列,302065,(CFOSAT（中法海洋卫星）：SWIM非正射数据),,008085,光束标识符,,,,Operational,"AI Translator: rag_cache, Glossary Not Used"
bufr4/3/02/065/22/022161,02,与垂直探测数据相关的气象序列,302065,(CFOSAT（中法海洋卫星）：SWIM非正射数据),,022161,波谱,,,,Operational,"AI Translator: rag_cache, Glossary Not Used"
bufr4/3/02/065/23/008085,02,与垂直探测数据相关的气象序列,302065,(CFOSAT（中法海洋卫星）：SWIM非正射数据),,008085,光束标识符,,,,Operational,"AI Translator: rag_cache, Glossary Not Used"
bufr4/3/02/065/24/102000,02,与垂直探测数据相关的气象序列,302065,(CFOSAT（中法海洋卫星）：SWIM非正射数据),,102000,6个描述符的延迟复制,,,,Operational,"AI Translator: rag_cache, Glossary Not Used"
bufr4/3/02/065/25/031002,02,与垂直探测数据相关的气象序列,302065,(CFOSAT（中法海洋卫星）：SWIM非正射数据),,031002,描述符延迟复制因子,,,,Operational,"AI Translator: rag_cache, Glossary Not Used"
bufr4/3/02/065/26/002134,02,与垂直探测数据相关的气象序列,302065,(CFOSAT（中法海洋卫星）：SWIM非正射数据),,002134,天线波束方位角,,,,Operational,"AI Translator: rag_cache, Glossary Not Used"
bufr4/3/02/065/27/022161,02,与垂直探测数据相关的气象序列,302065,(CFOSAT（中法海洋卫星）：SWIM非正射数据),,022161,波谱,,,,Operational,"AI Translator: rag_cache, Glossary Not Used"
bufr4/3/02/066/1/020023,02,与垂直探测数据相关的气象序列,302066,危险天气现象,,020023,其他天气现象,,,,Operational,"AI Translator: rag_cache, Glossary Not Used"
bufr4/3/02/066/2/020024,02,与垂直探测数据相关的气象序列,302066,危险天气现象,,020024,现象的强度,,,,Operational,"AI Translator: rag_cache, Glossary Not Used"
bufr4/3/02/066/3/020027,02,与垂直探测数据相关的气象序列,302066,危险天气现象,,020027,现象发生,,,,Operational,"AI Translator: rag_cache, Glossary Not Used"
bufr4/3/02/066/4/020054,02,与垂直探测数据相关的气象序列,302066,危险天气现象,,020054,现象或云移动的真实方向或观察到的方向,,,,Operational,"AI Translator: rag_cache, Glossary Not Used"
bufr4/3/02/066/5/020023,02,与垂直探测数据相关的气象序列,302066,危险天气现象,,020023,其他天气现象,,,,Operational,"AI Translator: rag_cache, Glossary Not Used"
bufr4/3/02/066/6/020027,02,与垂直探测数据相关的气象序列,302066,危险天气现象,,020027,现象发生,,,,Operational,"AI Translator: rag_cache, Glossary Not Used"
bufr4/3/02/066/7/020054,02,与垂直探测数据相关的气象序列,302066,危险天气现象,,020054,现象或云移动的真实方向或观察到的方向,,,,Operational,"AI Translator: rag_cache, Glossary Not Used"
bufr4/3/02/066/8/020025,02,与垂直探测数据相关的气象序列,302066,危险天气现象,,020025,遮蔽,,,,Operational,"AI Translator: rag_cache, Glossary Not Used"
bufr4/3/02/066/9/020026,02,与垂直探测数据相关的气象序列,302066,危险天气现象,,020026,遮蔽,,,,Operational,"AI Translator: rag_cache, Glossary Not Used"
bufr4/3/02/066/10/020027,02,与垂直探测数据相关的气象序列,302066,危险天气现象,,020027,现象发生,,,,Operational,"AI Translator: rag_cache, Glossary Not Used"
bufr4/3/02/066/11/020040,02,与垂直探测数据相关的气象序列,302066,危险天气现象,,020040,漂移雪的演变,,,,Operational,"AI Translator: rag_cache, Glossary Not Used"
bufr4/3/02/066/12/020066,02,与垂直探测数据相关的气象序列,302066,危险天气现象,,020066,冰雹的最大直径,,,,Operational,"AI Translator: rag_cache, Glossary Not Used"
bufr4/3/02/066/13/020027,02,与垂直探测数据相关的气象序列,302066,危险天气现象,,020027,现象发生,,,,Operational,"AI Translator: rag_cache, Glossary Not Used"
bufr4/3/02/066/14/020021,02,与垂直探测数据相关的气象序列,302066,危险天气现象,,020021,降水 - 未知类型,,,,Operational,"AI Translator: rag_cache, Glossary Not Used"
bufr4/3/02/066/15/020067,02,与垂直探测数据相关的气象序列,302066,危险天气现象,,020067,存款直径,,,,Operational,"AI Translator: rag_cache, Glossary Not Used"
bufr4/3/02/066/16/020027,02,与垂直探测数据相关的气象序列,302066,危险天气现象,,020027,现象发生,,,,Operational,"AI Translator: rag_cache, Glossary Not Used"
bufr4/3/02/067/1/001023,02,与垂直探测数据相关的气象序列,302067,（附加概略参数）,,001023,观测序列号,,,,Operational,"AI Translator: rag_cache, Glossary Not Used"
bufr4/3/02/067/2/004025,02,与垂直探测数据相关的气象序列,302067,（附加概略参数）,额外“瞬时”数据,004025,时间周期或位移,= 0（分钟）,,,Operational,"AI Translator: azure, Glossary Not Used"
bufr4/3/02/067/3/002177,02,与垂直探测数据相关的气象序列,302067,（附加概略参数）,额外“瞬时”数据,002177,测量雪深的方法,"= 0 手动观察, = 1 超声波方法, = 2 摄像机方法, = 3 激光方法, 4-13 保留, = 14 其他, = 15 缺失值",,,Operational,"AI Translator: azure, Glossary Not Used"
bufr4/3/02/067/4/101000,02,与垂直探测数据相关的气象序列,302067,（附加概略参数）,当前天气,101000,6个描述符的延迟复制,,,,Operational,"AI Translator: rag_cache, Glossary Not Used"
bufr4/3/02/067/5/031001,02,与垂直探测数据相关的气象序列,302067,（附加概略参数）,当前天气,031001,描述符延迟复制因子,,,,Operational,"AI Translator: rag_cache, Glossary Not Used"
bufr4/3/02/067/6/020003,02,与垂直探测数据相关的气象序列,302067,（附加概略参数）,当前天气,020003,当前天气,960ww，961ww,,,Operational,"AI Translator: azure, Glossary Not Used"
bufr4/3/02/067/7/103000,02,与垂直探测数据相关的气象序列,302067,（附加概略参数）,观察到的能见度方向,103000,6个描述符的延迟复制,,,,Operational,"AI Translator: rag_cache, Glossary Not Used"
bufr4/3/02/067/8/031001,02,与垂直探测数据相关的气象序列,302067,（附加概略参数）,观察到的能见度方向,031001,描述符延迟复制因子,,,,Operational,"AI Translator: rag_cache, Glossary Not Used"
bufr4/3/02/067/9/005021,02,与垂直探测数据相关的气象序列,302067,（附加概略参数）,观察到的能见度方向,005021,方位或方位角,981VV-988VV,,,Operational,"AI Translator: azure, Glossary Not Used"
bufr4/3/02/067/10/020001,02,与垂直探测数据相关的气象序列,302067,（附加概略参数）,观察到的能见度方向,020001,水平能见度,VV,,,Operational,"AI Translator: rag_cache, Glossary Not Used"
bufr4/3/02/067/11/005021,02,与垂直探测数据相关的气象序列,302067,（附加概略参数）,观察到的能见度方向,005021,方位或方位角,设置为缺失（取消）,,,Operational,"AI Translator: rag_cache, Glossary Not Used"
bufr4/3/02/067/12/101000,02,与垂直探测数据相关的气象序列,302067,（附加概略参数）,海洋数据（来自沿海站的观测）,101000,6个描述符的延迟复制,,,,Operational,"AI Translator: rag_cache, Glossary Not Used"
bufr4/3/02/067/13/031000,02,与垂直探测数据相关的气象序列,302067,（附加概略参数）,海洋数据（来自沿海站的观测）,031000,描述符延迟复制因子,,,,Operational,"AI Translator: rag_cache, Glossary Not Used"
bufr4/3/02/067/14/302056,02,与垂直探测数据相关的气象序列,302067,（附加概略参数）,海洋数据（来自沿海站的观测）,302056,海面温度,海面温度、测量方法和海面以下的深度,,,Operational,"AI Translator: rag_cache, Glossary Not Used"
bufr4/3/02/067/15/103000,02,与垂直探测数据相关的气象序列,302067,（附加概略参数）,海洋数据（来自沿海站的观测）,103000,6个描述符的延迟复制,,,,Operational,"AI Translator: rag_cache, Glossary Not Used"
bufr4/3/02/067/16/031000,02,与垂直探测数据相关的气象序列,302067,（附加概略参数）,海洋数据（来自沿海站的观测）,031000,描述符延迟复制因子,,,,Operational,"AI Translator: rag_cache, Glossary Not Used"
bufr4/3/02/067/17/033041,02,与垂直探测数据相关的气象序列,302067,（附加概略参数）,海洋数据（来自沿海站的观测）,033041,以下值的属性,,,,Operational,"AI Translator: rag_cache, Glossary Not Used"
bufr4/3/02/067/18/020058,02,与垂直探测数据相关的气象序列,302067,（附加概略参数）,海洋数据（来自沿海站的观测）,020058,从沿海站向海的能见度,980VsVs,,,Operational,"AI Translator: azure, Glossary Not Used"
bufr4/3/02/067/19/022061,02,与垂直探测数据相关的气象序列,302067,（附加概略参数）,海洋数据（来自沿海站的观测）,022061,海况,924SVs,,,Operational,"AI Translator: azure, Glossary Not Used"
bufr4/3/02/067/20/101000,02,与垂直探测数据相关的气象序列,302067,（附加概略参数）,海洋数据（来自沿海站的观测）,101000,6个描述符的延迟复制,,,,Operational,"AI Translator: rag_cache, Glossary Not Used"
bufr4/3/02/067/21/031000,02,与垂直探测数据相关的气象序列,302067,（附加概略参数）,海洋数据（来自沿海站的观测）,031000,描述符延迟复制因子,,,,Operational,"AI Translator: rag_cache, Glossary Not Used"
bufr4/3/02/067/22/302022,02,与垂直探测数据相关的气象序列,302067,（附加概略参数）,海洋数据（来自沿海站的观测）,302022,（风浪）,,,,Operational,"AI Translator: rag_cache, Glossary Not Used"
bufr4/3/02/067/23/101000,02,与垂直探测数据相关的气象序列,302067,（附加概略参数）,海洋数据（来自沿海站的观测）,101000,6个描述符的延迟复制,,,,Operational,"AI Translator: rag_cache, Glossary Not Used"
bufr4/3/02/067/24/031001,02,与垂直探测数据相关的气象序列,302067,（附加概略参数）,海洋数据（来自沿海站的观测）,031001,描述符延迟复制因子,,,,Operational,"AI Translator: rag_cache, Glossary Not Used"
bufr4/3/02/067/25/302023,02,与垂直探测数据相关的气象序列,302067,（附加概略参数）,海洋数据（来自沿海站的观测）,302023,涌浪,,,,Operational,"AI Translator: rag_cache, Glossary Not Used"
bufr4/3/02/067/26/104000,02,与垂直探测数据相关的气象序列,302067,（附加概略参数）,特殊云,104000,6个描述符的延迟复制,,,,Operational,"AI Translator: rag_cache, Glossary Not Used"
bufr4/3/02/067/27/031001,02,与垂直探测数据相关的气象序列,302067,（附加概略参数）,特殊云,031001,描述符延迟复制因子,,,,Operational,"AI Translator: rag_cache, Glossary Not Used"
bufr4/3/02/067/28/020054,02,与垂直探测数据相关的气象序列,302067,（附加概略参数）,特殊云,020054,现象或云移动的真实方向或观察到的方向,是的，Dp,,,Operational,"AI Translator: azure, Glossary Not Used"
bufr4/3/02/067/29/020137,02,与垂直探测数据相关的气象序列,302067,（附加概略参数）,特殊云,020137,云的演变,940Cn3,,,Operational,"AI Translator: azure, Glossary Not Used"
bufr4/3/02/067/30/020012,02,与垂直探测数据相关的气象序列,302067,（附加概略参数）,特殊云,020012,云类型,"941CDp, 943CLDp",,,Operational,"AI Translator: azure, Glossary Not Used"
bufr4/3/02/067/31/020090,02,与垂直探测数据相关的气象序列,302067,（附加概略参数）,特殊云,020090,特殊云,993CsDa,,,Operational,"AI Translator: azure, Glossary Not Used"
bufr4/3/02/067/32/103000,02,与垂直探测数据相关的气象序列,302067,（附加概略参数）,特殊云,103000,6个描述符的延迟复制,,,,Operational,"AI Translator: rag_cache, Glossary Not Used"
bufr4/3/02/067/33/031001,02,与垂直探测数据相关的气象序列,302067,（附加概略参数）,特殊云,031001,描述符延迟复制因子,,,,Operational,"AI Translator: rag_cache, Glossary Not Used"
bufr4/3/02/067/34/020054,02,与垂直探测数据相关的气象序列,302067,（附加概略参数）,特殊云,020054,现象或云移动的真实方向或观察到的方向,,,,Operational,"AI Translator: rag_cache, Glossary Not Used"
bufr4/3/02/067/35/020137,02,与垂直探测数据相关的气象序列,302067,（附加概略参数）,特殊云,020137,云的演变,,,,Operational,"AI Translator: rag_cache, Glossary Not Used"
bufr4/3/02/067/36/020136,02,与垂直探测数据相关的气象序列,302067,（附加概略参数）,特殊云,020136,补充云类型,"948C0Da, 949CaDa, 950Nmn3, 951Nvn4",,,Operational,"AI Translator: azure, Glossary Not Used"
bufr4/3/02/067/37/004025,02,与垂直探测数据相关的气象序列,302067,（附加概略参数）,额外的“周期”数据,004025,时间周期或位移,新降雪的参考期,,,Operational,"AI Translator: azure, Glossary Not Used"
bufr4/3/02/067/38/013012,02,与垂直探测数据相关的气象序列,302067,（附加概略参数）,额外的“周期”数据,013012,雪深超过0.00米,,,,Operational,"AI Translator: rag_cache, Glossary Not Used"
bufr4/3/02/067/39/004025,02,与垂直探测数据相关的气象序列,302067,（附加概略参数）,额外风数据,004025,时间周期或位移,= -10（分钟）,,,Operational,"AI Translator: rag_cache, Glossary Not Used"
bufr4/3/02/067/40/011042,02,与垂直探测数据相关的气象序列,302067,（附加概略参数）,额外风数据,011042,最大风速（10分钟平均风速）,912ff 902tt 912ff .. mandatory ff >= 18,,,Operational,"AI Translator: unknown, Glossary Not Used"
bufr4/3/02/067/41/104000,02,与垂直探测数据相关的气象序列,302067,（附加概略参数）,额外风数据,104000,6个描述符的延迟复制,,,,Operational,"AI Translator: rag_cache, Glossary Not Used"
bufr4/3/02/067/42/031001,02,与垂直探测数据相关的气象序列,302067,（附加概略参数）,额外风数据,031001,描述符延迟复制因子,,,,Operational,"AI Translator: rag_cache, Glossary Not Used"
bufr4/3/02/067/43/008021,02,与垂直探测数据相关的气象序列,302067,（附加概略参数）,额外风数据,008021,时间意义,= 30 发生时间,,,Operational,"AI Translator: rag_cache, Glossary Not Used"
bufr4/3/02/067/44/004025,02,与垂直探测数据相关的气象序列,302067,（附加概略参数）,额外风数据,004025,时间周期或位移,= -xx | 902tt,,,Operational,"AI Translator: azure, Glossary Not Used"
bufr4/3/02/067/45/011042,02,与垂直探测数据相关的气象序列,302067,（附加概略参数）,额外风数据,011042,最大风速（10分钟平均风速）,912ff,,,Operational,"AI Translator: azure, Glossary Not Used"
bufr4/3/02/067/46/008021,02,与垂直探测数据相关的气象序列,302067,（附加概略参数）,额外风数据,008021,时间意义,设置为缺失（取消）,,,Operational,"AI Translator: rag_cache, Glossary Not Used"
bufr4/3/02/067/47/115000,02,与垂直探测数据相关的气象序列,302067,（附加概略参数）,风速和/或风向的显著变化,115000,6个描述符的延迟复制,,,,Operational,"AI Translator: rag_cache, Glossary Not Used"
bufr4/3/02/067/48/031001,02,与垂直探测数据相关的气象序列,302067,（附加概略参数）,风速和/或风向的显著变化,031001,描述符延迟复制因子,,,,Operational,"AI Translator: rag_cache, Glossary Not Used"
bufr4/3/02/067/49/008021,02,与垂直探测数据相关的气象序列,302067,（附加概略参数）,风速和/或风向的显著变化,008021,时间意义,= 30 发生时间,,,Operational,"AI Translator: rag_cache, Glossary Not Used"
bufr4/3/02/067/50/004015,02,与垂直探测数据相关的气象序列,302067,（附加概略参数）,风速和/或风向的显著变化,004015,小时增量,= -xx1,,,Operational,"AI Translator: azure, Glossary Not Used"
bufr4/3/02/067/51/008021,02,与垂直探测数据相关的气象序列,302067,（附加概略参数）,风速和/或风向的显著变化,008021,时间意义,时间平均,,,Operational,"AI Translator: rag_cache, Glossary Not Used"
bufr4/3/02/067/52/004025,02,与垂直探测数据相关的气象序列,302067,（附加概略参数）,风速和/或风向的显著变化,004025,时间周期或位移,= -10（分钟）或显著风向变化后的分钟数（如果有）。,,,Operational,"AI Translator: rag_cache, Glossary Not Used"
bufr4/3/02/067/53/011001,02,与垂直探测数据相关的气象序列,302067,（附加概略参数）,风速和/或风向的显著变化,011001,风向,915dd,,,Operational,"AI Translator: azure, Glossary Not Used"
bufr4/3/02/067/54/011002,02,与垂直探测数据相关的气象序列,302067,（附加概略参数）,风速和/或风向的显著变化,011002,风速,912ff,,,Operational,"AI Translator: rag_cache, Glossary Not Used"
bufr4/3/02/067/55/008021,02,与垂直探测数据相关的气象序列,302067,（附加概略参数）,风速和/或风向的显著变化,008021,时间意义,风向变化发生的时间,,,Operational,"AI Translator: rag_cache, Glossary Not Used"
bufr4/3/02/067/56/004015,02,与垂直探测数据相关的气象序列,302067,（附加概略参数）,风速和/或风向的显著变化,004015,小时增量,= +xx2,,,Operational,"AI Translator: azure, Glossary Not Used"
bufr4/3/02/067/57/008021,02,与垂直探测数据相关的气象序列,302067,（附加概略参数）,风速和/或风向的显著变化,008021,时间意义,时间平均,,,Operational,"AI Translator: rag_cache, Glossary Not Used"
bufr4/3/02/067/58/004025,02,与垂直探测数据相关的气象序列,302067,（附加概略参数）,风速和/或风向的显著变化,004025,时间周期或位移,= -10（分钟）或显著风向变化后的分钟数（如果有）。,,,Operational,"AI Translator: rag_cache, Glossary Not Used"
bufr4/3/02/067/59/011001,02,与垂直探测数据相关的气象序列,302067,（附加概略参数）,风速和/或风向的显著变化,011001,风向,915dd,,,Operational,"AI Translator: rag_cache, Glossary Not Used"
bufr4/3/02/067/60/011002,02,与垂直探测数据相关的气象序列,302067,（附加概略参数）,风速和/或风向的显著变化,011002,风速,912ff,,,Operational,"AI Translator: rag_cache, Glossary Not Used"
bufr4/3/02/067/61/008021,02,与垂直探测数据相关的气象序列,302067,（附加概略参数）,风速和/或风向的显著变化,008021,时间意义,设置为缺失（取消）,,,Operational,"AI Translator: rag_cache, Glossary Not Used"
bufr4/3/02/067/62/004025,02,与垂直探测数据相关的气象序列,302067,（附加概略参数）,风速和/或风向的显著变化,004025,时间周期或位移,= 0（分钟）,,,Operational,"AI Translator: rag_cache, Glossary Not Used"
bufr4/3/02/067/63/004015,02,与垂直探测数据相关的气象序列,302067,（附加概略参数）,风速和/或风向的显著变化,004015,小时增量,= +(xx1-xx2) | 非负以将时间重置为实际时间,,,Operational,"AI Translator: azure, Glossary Not Used"
bufr4/3/02/067/64/103000,02,与垂直探测数据相关的气象序列,302067,（附加概略参数）,额外天气,103000,6个描述符的延迟复制,,,,Operational,"AI Translator: rag_cache, Glossary Not Used"
bufr4/3/02/067/65/031001,02,与垂直探测数据相关的气象序列,302067,（附加概略参数）,额外天气,031001,描述符延迟复制因子,,,,Operational,"AI Translator: rag_cache, Glossary Not Used"
bufr4/3/02/067/66/004025,02,与垂直探测数据相关的气象序列,302067,（附加概略参数）,额外天气,004025,时间周期或位移,= -xx，即从,,,Operational,"AI Translator: azure, Glossary Not Used"
bufr4/3/02/067/67/004025,02,与垂直探测数据相关的气象序列,302067,（附加概略参数）,额外天气,004025,时间周期或位移,= -xx，即从,,,Operational,"AI Translator: rag_cache, Glossary Not Used"
bufr4/3/02/067/68/020003,02,与垂直探测数据相关的气象序列,302067,（附加概略参数）,额外天气,020003,当前天气,962ww，963w1w1，964ww，965w1w1，966ww，967w1w1,,,Operational,"AI Translator: azure, Glossary Not Used"
bufr4/3/02/067/69/110000,02,与垂直探测数据相关的气象序列,302067,（附加概略参数）,额外的9SPSPspsp组,110000,6个描述符的延迟复制,,,,Operational,"AI Translator: rag_cache, Glossary Not Used"
bufr4/3/02/067/70/031001,02,与垂直探测数据相关的气象序列,302067,（附加概略参数）,额外的9SPSPspsp组,031001,描述符延迟复制因子,,,,Operational,"AI Translator: rag_cache, Glossary Not Used"
bufr4/3/02/067/71/004025,02,与垂直探测数据相关的气象序列,302067,（附加概略参数）,额外的9SPSPspsp组,004025,时间周期或位移,= -xx，即从,,,Operational,"AI Translator: rag_cache, Glossary Not Used"
bufr4/3/02/067/72/004025,02,与垂直探测数据相关的气象序列,302067,（附加概略参数）,额外的9SPSPspsp组,004025,时间周期或位移,= -xx，即从,,,Operational,"AI Translator: rag_cache, Glossary Not Used"
bufr4/3/02/067/73/005021,02,与垂直探测数据相关的气象序列,302067,（附加概略参数）,额外的9SPSPspsp组,005021,方位或方位角,是的，Dp,,,Operational,"AI Translator: rag_cache, Glossary Not Used"
bufr4/3/02/067/74/005021,02,与垂直探测数据相关的气象序列,302067,（附加概略参数）,额外的9SPSPspsp组,005021,方位或方位角,是的，Dp,,,Operational,"AI Translator: rag_cache, Glossary Not Used"
bufr4/3/02/067/75/020054,02,与垂直探测数据相关的气象序列,302067,（附加概略参数）,额外的9SPSPspsp组,020054,现象或云移动的真实方向或观察到的方向,是的，Dp,,,Operational,"AI Translator: rag_cache, Glossary Not Used"
bufr4/3/02/067/76/020024,02,与垂直探测数据相关的气象序列,302067,（附加概略参数）,额外的9SPSPspsp组,020024,现象的强度,"= 1 轻度, = 2 中度, = 3 重度, = 4 暴力, = 5 严重",,,Operational,"AI Translator: azure, Glossary Not Used"
bufr4/3/02/067/77/020025,02,与垂直探测数据相关的气象序列,302067,（附加概略参数）,额外的9SPSPspsp组,020025,遮蔽,,,,Operational,"AI Translator: rag_cache, Glossary Not Used"
bufr4/3/02/067/78/020026,02,与垂直探测数据相关的气象序列,302067,（附加概略参数）,额外的9SPSPspsp组,020026,遮蔽,,,,Operational,"AI Translator: rag_cache, Glossary Not Used"
bufr4/3/02/067/79/020027,02,与垂直探测数据相关的气象序列,302067,（附加概略参数）,额外的9SPSPspsp组,020027,现象发生,,,,Operational,"AI Translator: rag_cache, Glossary Not Used"
bufr4/3/02/067/80/020063,02,与垂直探测数据相关的气象序列,302067,（附加概略参数）,额外的9SPSPspsp组,020063,特殊现象,,,,Operational,"AI Translator: rag_cache, Glossary Not Used"
bufr4/3/02/069/1/007032,02,与垂直探测数据相关的气象序列,302069,可见性数据,,007032,根据传感器相对于当地地面（或海洋平台甲板）的代表性高度进行调整。,,,,Operational,"AI Translator: rag_cache, Glossary Not Used"
bufr4/3/02/069/2/007033,02,与垂直探测数据相关的气象序列,302069,可见性数据,,007033,传感器高于水面的位置,,,,Operational,"AI Translator: rag_cache, Glossary Not Used"
bufr4/3/02/069/3/033041,02,与垂直探测数据相关的气象序列,302069,可见性数据,,033041,以下值的属性,,,,Operational,"AI Translator: rag_cache, Glossary Not Used"
bufr4/3/02/069/4/020001,02,与垂直探测数据相关的气象序列,302069,可见性数据,,020001,水平能见度,,,,Operational,"AI Translator: rag_cache, Glossary Not Used"
bufr4/3/02/070/1/007032,02,与垂直探测数据相关的气象序列,302070,额外风数据,,007032,根据传感器相对于当地地面（或海洋平台甲板）的代表性高度进行调整。,,,,Operational,"AI Translator: rag_cache, Glossary Not Used"
bufr4/3/02/070/2/007033,02,与垂直探测数据相关的气象序列,302070,额外风数据,,007033,传感器高于水面的位置,,,,Operational,"AI Translator: rag_cache, Glossary Not Used"
bufr4/3/02/070/3/011001,02,与垂直探测数据相关的气象序列,302070,额外风数据,,011001,风向,,,,Operational,"AI Translator: rag_cache, Glossary Not Used"
bufr4/3/02/070/4/011002,02,与垂直探测数据相关的气象序列,302070,额外风数据,,011002,风速,,,,Operational,"AI Translator: rag_cache, Glossary Not Used"
bufr4/3/02/070/5/011043,02,与垂直探测数据相关的气象序列,302070,额外风数据,,011043,最大阵风速度,,,,Operational,"AI Translator: rag_cache, Glossary Not Used"
bufr4/3/02/070/6/011041,02,与垂直探测数据相关的气象序列,302070,额外风数据,,011041,最大阵风速度,,,,Operational,"AI Translator: rag_cache, Glossary Not Used"
bufr4/3/02/070/7/011016,02,与垂直探测数据相关的气象序列,302070,额外风数据,,011016,可变风的极端逆时针风向,,,,Operational,"AI Translator: rag_cache, Glossary Not Used"
bufr4/3/02/070/8/011017,02,与垂直探测数据相关的气象序列,302070,额外风数据,,011017,可变风的极端逆时针风向,,,,Operational,"AI Translator: rag_cache, Glossary Not Used"
bufr4/3/02/071/1/007032,02,与垂直探测数据相关的气象序列,302071,一小时期间的风数据,,007032,根据传感器相对于当地地面（或海洋平台甲板）的代表性高度进行调整。,,,,Operational,"AI Translator: rag_cache, Glossary Not Used"
bufr4/3/02/071/2/007033,02,与垂直探测数据相关的气象序列,302071,一小时期间的风数据,,007033,传感器高于水面的位置,,,,Operational,"AI Translator: rag_cache, Glossary Not Used"
bufr4/3/02/071/3/008021,02,与垂直探测数据相关的气象序列,302071,一小时期间的风数据,,008021,时间意义,时间平均,,,Operational,"AI Translator: rag_cache, Glossary Not Used"
bufr4/3/02/071/4/004025,02,与垂直探测数据相关的气象序列,302071,一小时期间的风数据,,004025,时间周期或位移,= -10（分钟）或显著风向变化后的分钟数（如果有）。,,,Operational,"AI Translator: rag_cache, Glossary Not Used"
bufr4/3/02/071/5/011001,02,与垂直探测数据相关的气象序列,302071,一小时期间的风数据,,011001,风向,,,,Operational,"AI Translator: rag_cache, Glossary Not Used"
bufr4/3/02/071/6/011002,02,与垂直探测数据相关的气象序列,302071,一小时期间的风数据,,011002,风速,,,,Operational,"AI Translator: rag_cache, Glossary Not Used"
bufr4/3/02/071/7/008021,02,与垂直探测数据相关的气象序列,302071,一小时期间的风数据,,008021,时间意义,设置为缺失,,,Operational,"AI Translator: rag_cache, Glossary Not Used"
bufr4/3/02/071/8/103002,02,与垂直探测数据相关的气象序列,302071,一小时期间的风数据,,103002,复制5个描述符2次,,,,Operational,"AI Translator: rag_cache, Glossary Not Used"
bufr4/3/02/071/9/004025,02,与垂直探测数据相关的气象序列,302071,一小时期间的风数据,,004025,时间周期或位移,在第一次复制中为 = -24（小时），在第二次复制中为 = -1（小时）,,,Operational,"AI Translator: rag_cache, Glossary Not Used"
bufr4/3/02/071/10/011043,02,与垂直探测数据相关的气象序列,302071,一小时期间的风数据,,011043,最大阵风速度,,,,Operational,"AI Translator: rag_cache, Glossary Not Used"
bufr4/3/02/071/11/011041,02,与垂直探测数据相关的气象序列,302071,一小时期间的风数据,,011041,最大阵风速度,,,,Operational,"AI Translator: rag_cache, Glossary Not Used"
bufr4/3/02/071/12/004025,02,与垂直探测数据相关的气象序列,302071,一小时期间的风数据,,004025,时间周期或位移,= -10（分钟）,,,Operational,"AI Translator: rag_cache, Glossary Not Used"
bufr4/3/02/071/13/011016,02,与垂直探测数据相关的气象序列,302071,一小时期间的风数据,,011016,可变风的极端逆时针风向,,,,Operational,"AI Translator: rag_cache, Glossary Not Used"
bufr4/3/02/071/14/011017,02,与垂直探测数据相关的气象序列,302071,一小时期间的风数据,,011017,可变风的极端逆时针风向,,,,Operational,"AI Translator: rag_cache, Glossary Not Used"
bufr4/3/02/072/1/007032,02,与垂直探测数据相关的气象序列,302072,温度和湿度数据,,007032,根据传感器相对于当地地面（或海洋平台甲板）的代表性高度进行调整。,,,,Operational,"AI Translator: rag_cache, Glossary Not Used"
bufr4/3/02/072/2/007033,02,与垂直探测数据相关的气象序列,302072,温度和湿度数据,,007033,传感器高于水面的位置,,,,Operational,"AI Translator: rag_cache, Glossary Not Used"
bufr4/3/02/072/3/012101,02,与垂直探测数据相关的气象序列,302072,温度和湿度数据,,012101,温度/空气温度,比例：2,,,Operational,"AI Translator: rag_cache, Glossary Not Used"
bufr4/3/02/072/4/012103,02,与垂直探测数据相关的气象序列,302072,温度和湿度数据,,012103,露点温度,比例：2,,,Operational,"AI Translator: rag_cache, Glossary Not Used"
bufr4/3/02/072/5/013003,02,与垂直探测数据相关的气象序列,302072,温度和湿度数据,,013003,相对湿度,,,,Operational,"AI Translator: rag_cache, Glossary Not Used"
bufr4/3/02/073/1/020010,02,与垂直探测数据相关的气象序列,302073,云数据,,020010,云量（总计）,,,,Operational,"AI Translator: rag_cache, Glossary Not Used"
bufr4/3/02/073/2/105004,02,与垂直探测数据相关的气象序列,302073,云数据,,105004,复制5个描述符2次,,,,Operational,"AI Translator: rag_cache, Glossary Not Used"
bufr4/3/02/073/3/008002,02,与垂直探测数据相关的气象序列,302073,云数据,,008002,垂直意义（卫星观测）,,,,Operational,"AI Translator: rag_cache, Glossary Not Used"
bufr4/3/02/073/4/020011,02,与垂直探测数据相关的气象序列,302073,云数据,,020011,云量,,,,Operational,"AI Translator: rag_cache, Glossary Not Used"
bufr4/3/02/073/5/020012,02,与垂直探测数据相关的气象序列,302073,云数据,,020012,云类型,,,,Operational,"AI Translator: rag_cache, Glossary Not Used"
bufr4/3/02/073/6/033041,02,与垂直探测数据相关的气象序列,302073,云数据,,033041,以下值的属性,,,,Operational,"AI Translator: rag_cache, Glossary Not Used"
bufr4/3/02/073/7/020013,02,与垂直探测数据相关的气象序列,302073,云数据,,020013,云顶高度,,,,Operational,"AI Translator: rag_cache, Glossary Not Used"
bufr4/3/02/074/1/020003,02,与垂直探测数据相关的气象序列,302074,（现在和过去的天气）,,020003,当前天气,,,,Operational,"AI Translator: rag_cache, Glossary Not Used"
bufr4/3/02/074/2/004025,02,与垂直探测数据相关的气象序列,302074,（现在和过去的天气）,,004025,时间周期或位移,,,,Operational,"AI Translator: rag_cache, Glossary Not Used"
bufr4/3/02/074/3/020004,02,与垂直探测数据相关的气象序列,302074,（现在和过去的天气）,,020004,过去天气 (1),,,,Operational,"AI Translator: rag_cache, Glossary Not Used"
bufr4/3/02/074/4/020005,02,与垂直探测数据相关的气象序列,302074,（现在和过去的天气）,,020005,过去天气 (1),,,,Operational,"AI Translator: rag_cache, Glossary Not Used"
bufr4/3/02/075/1/008021,02,与垂直探测数据相关的气象序列,302075,降水强度，降水要素的大小,,008021,时间意义,时间平均,,,Operational,"AI Translator: rag_cache, Glossary Not Used"
bufr4/3/02/075/2/004025,02,与垂直探测数据相关的气象序列,302075,降水强度，降水要素的大小,,004025,时间周期或位移,= -10（分钟）,,,Operational,"AI Translator: rag_cache, Glossary Not Used"
bufr4/3/02/075/3/013055,02,与垂直探测数据相关的气象序列,302075,降水强度，降水要素的大小,,013055,降水强度，降水要素的大小,,,,Operational,"AI Translator: rag_cache, Glossary Not Used"
bufr4/3/02/075/4/013058,02,与垂直探测数据相关的气象序列,302075,降水强度，降水要素的大小,,013058,降水元素的大小,,,,Operational,"AI Translator: rag_cache, Glossary Not Used"
bufr4/3/02/075/5/008021,02,与垂直探测数据相关的气象序列,302075,降水强度，降水要素的大小,,008021,时间意义,设置为缺失,,,Operational,"AI Translator: rag_cache, Glossary Not Used"
bufr4/3/02/076/1/020021,02,与垂直探测数据相关的气象序列,302076,降水、遮蔽和其他现象,,020021,降水 - 未知类型,,,,Operational,"AI Translator: rag_cache, Glossary Not Used"
bufr4/3/02/076/2/020022,02,与垂直探测数据相关的气象序列,302076,降水、遮蔽和其他现象,,020022,降水的特性,,,,Operational,"AI Translator: rag_cache, Glossary Not Used"
bufr4/3/02/076/3/026020,02,与垂直探测数据相关的气象序列,302076,降水、遮蔽和其他现象,,026020,降水开始或结束的时间,,,,Operational,"AI Translator: rag_cache, Glossary Not Used"
bufr4/3/02/076/4/020023,02,与垂直探测数据相关的气象序列,302076,降水、遮蔽和其他现象,,020023,其他天气现象,,,,Operational,"AI Translator: rag_cache, Glossary Not Used"
bufr4/3/02/076/5/020024,02,与垂直探测数据相关的气象序列,302076,降水、遮蔽和其他现象,,020024,现象的强度,,,,Operational,"AI Translator: rag_cache, Glossary Not Used"
bufr4/3/02/076/6/020025,02,与垂直探测数据相关的气象序列,302076,降水、遮蔽和其他现象,,020025,遮蔽,,,,Operational,"AI Translator: rag_cache, Glossary Not Used"
bufr4/3/02/076/7/020026,02,与垂直探测数据相关的气象序列,302076,降水、遮蔽和其他现象,,020026,遮蔽,,,,Operational,"AI Translator: rag_cache, Glossary Not Used"
bufr4/3/02/077/1/007032,02,与垂直探测数据相关的气象序列,302077,极端温度数据,,007032,根据传感器相对于当地地面（或海洋平台甲板）的代表性高度进行调整。,,,,Operational,"AI Translator: rag_cache, Glossary Not Used"
bufr4/3/02/077/2/007033,02,与垂直探测数据相关的气象序列,302077,极端温度数据,,007033,传感器高于水面的位置,,,,Operational,"AI Translator: rag_cache, Glossary Not Used"
bufr4/3/02/077/3/004025,02,与垂直探测数据相关的气象序列,302077,极端温度数据,,004025,时间周期或位移,,,,Operational,"AI Translator: rag_cache, Glossary Not Used"
bufr4/3/02/077/4/012111,02,与垂直探测数据相关的气象序列,302077,极端温度数据,,012111,最高温度，在指定高度和时间段内,比例：2,,,Operational,"AI Translator: rag_cache, Glossary Not Used"
bufr4/3/02/077/5/012112,02,与垂直探测数据相关的气象序列,302077,极端温度数据,,012112,最高温度，在指定高度和时间段内,比例：2,,,Operational,"AI Translator: rag_cache, Glossary Not Used"
bufr4/3/02/077/6/007032,02,与垂直探测数据相关的气象序列,302077,极端温度数据,,007032,根据传感器相对于当地地面（或海洋平台甲板）的代表性高度进行调整。,地温,,,Operational,"AI Translator: rag_cache, Glossary Not Used"
bufr4/3/02/077/7/004025,02,与垂直探测数据相关的气象序列,302077,极端温度数据,,004025,时间周期或位移,,,,Operational,"AI Translator: rag_cache, Glossary Not Used"
bufr4/3/02/077/8/012112,02,与垂直探测数据相关的气象序列,302077,极端温度数据,,012112,最高温度，在指定高度和时间段内,比例：2 | 地温,,,Operational,"AI Translator: rag_cache, Glossary Not Used"
bufr4/3/02/078/1/002176,02,与垂直探测数据相关的气象序列,302078,测量雪深的方法,,002176,地面状态测量方法,,,,Operational,"AI Translator: rag_cache, Glossary Not Used"
bufr4/3/02/078/2/020062,02,与垂直探测数据相关的气象序列,302078,测量雪深的方法,,020062,地面状况（有雪或无雪）,,,,Operational,"AI Translator: rag_cache, Glossary Not Used"
bufr4/3/02/078/3/002177,02,与垂直探测数据相关的气象序列,302078,测量雪深的方法,,002177,测量雪深的方法,,,,Operational,"AI Translator: rag_cache, Glossary Not Used"
bufr4/3/02/078/4/013013,02,与垂直探测数据相关的气象序列,302078,测量雪深的方法,,013013,雪深超过0.00米,,,,Operational,"AI Translator: rag_cache, Glossary Not Used"
bufr4/3/02/079/1/007032,02,与垂直探测数据相关的气象序列,302079,降水量测量,,007032,根据传感器相对于当地地面（或海洋平台甲板）的代表性高度进行调整。,,,,Operational,"AI Translator: rag_cache, Glossary Not Used"
bufr4/3/02/079/2/002175,02,与垂直探测数据相关的气象序列,302079,降水量测量,,002175,降水量测量,,,,Operational,"AI Translator: rag_cache, Glossary Not Used"
bufr4/3/02/079/3/002178,02,与垂直探测数据相关的气象序列,302079,降水量测量,,002178,降水量测量,,,,Operational,"AI Translator: rag_cache, Glossary Not Used"
bufr4/3/02/079/4/004025,02,与垂直探测数据相关的气象序列,302079,降水量测量,,004025,时间周期或位移,,,,Operational,"AI Translator: rag_cache, Glossary Not Used"
bufr4/3/02/079/5/013011,02,与垂直探测数据相关的气象序列,302079,降水量测量,,013011,总降水量/总水当量,,,,Operational,"AI Translator: rag_cache, Glossary Not Used"
bufr4/3/02/080/1/002185,02,与垂直探测数据相关的气象序列,302080,蒸发测量,,002185,蒸发测量,,,,Operational,"AI Translator: rag_cache, Glossary Not Used"
bufr4/3/02/080/2/004025,02,与垂直探测数据相关的气象序列,302080,蒸发测量,,004025,时间周期或位移,,,,Operational,"AI Translator: rag_cache, Glossary Not Used"
bufr4/3/02/080/3/013033,02,与垂直探测数据相关的气象序列,302080,蒸发测量,,013033,蒸发/蒸散,,,,Operational,"AI Translator: rag_cache, Glossary Not Used"
bufr4/3/02/081/1/004025,02,与垂直探测数据相关的气象序列,302081,总阳光数据,,004025,时间周期或位移,,,,Operational,"AI Translator: rag_cache, Glossary Not Used"
bufr4/3/02/081/2/014031,02,与垂直探测数据相关的气象序列,302081,总阳光数据,,014031,总日照,,,,Operational,"AI Translator: rag_cache, Glossary Not Used"
bufr4/3/02/082/1/004025,02,与垂直探测数据相关的气象序列,302082,辐射数据,,004025,时间周期或位移,,,,Operational,"AI Translator: rag_cache, Glossary Not Used"
bufr4/3/02/082/2/014002,02,与垂直探测数据相关的气象序列,302082,辐射数据,,014002,长波辐射，在指定周期内积分,,,,Operational,"AI Translator: rag_cache, Glossary Not Used"
bufr4/3/02/082/3/014004,02,与垂直探测数据相关的气象序列,302082,辐射数据,,014004,长波辐射，在指定周期内积分,,,,Operational,"AI Translator: rag_cache, Glossary Not Used"
bufr4/3/02/082/4/014016,02,与垂直探测数据相关的气象序列,302082,辐射数据,,014016,净辐射，在指定周期内积分,,,,Operational,"AI Translator: rag_cache, Glossary Not Used"
bufr4/3/02/082/5/014028,02,与垂直探测数据相关的气象序列,302082,辐射数据,,014028,全球太阳辐射，按指定期间积分,,,,Operational,"AI Translator: rag_cache, Glossary Not Used"
bufr4/3/02/082/6/014029,02,与垂直探测数据相关的气象序列,302082,辐射数据,,014029,散射太阳辐射（高精度），按指定期间积分,,,,Operational,"AI Translator: rag_cache, Glossary Not Used"
bufr4/3/02/082/7/014030,02,与垂直探测数据相关的气象序列,302082,辐射数据,,014030,散射太阳辐射（高精度），按指定期间积分,,,,Operational,"AI Translator: rag_cache, Glossary Not Used"
bufr4/3/02/083/1/004025,02,与垂直探测数据相关的气象序列,302083,P、W、T、U 数据的一阶统计量,,004025,时间周期或位移,,,,Operational,"AI Translator: rag_cache, Glossary Not Used"
bufr4/3/02/083/2/008023,02,与垂直探测数据相关的气象序列,302083,P、W、T、U 数据的一阶统计量,,008023,一阶统计值如下,,,,Operational,"AI Translator: rag_cache, Glossary Not Used"
bufr4/3/02/083/3/010004,02,与垂直探测数据相关的气象序列,302083,P、W、T、U 数据的一阶统计量,,010004,压力,,,,Operational,"AI Translator: rag_cache, Glossary Not Used"
bufr4/3/02/083/4/011001,02,与垂直探测数据相关的气象序列,302083,P、W、T、U 数据的一阶统计量,,011001,风向,,,,Operational,"AI Translator: rag_cache, Glossary Not Used"
bufr4/3/02/083/5/011002,02,与垂直探测数据相关的气象序列,302083,P、W、T、U 数据的一阶统计量,,011002,风速,,,,Operational,"AI Translator: rag_cache, Glossary Not Used"
bufr4/3/02/083/6/012101,02,与垂直探测数据相关的气象序列,302083,P、W、T、U 数据的一阶统计量,,012101,温度/空气温度,比例：2,,,Operational,"AI Translator: rag_cache, Glossary Not Used"
bufr4/3/02/083/7/013003,02,与垂直探测数据相关的气象序列,302083,P、W、T、U 数据的一阶统计量,,013003,相对湿度,,,,Operational,"AI Translator: rag_cache, Glossary Not Used"
bufr4/3/02/083/8/008023,02,与垂直探测数据相关的气象序列,302083,P、W、T、U 数据的一阶统计量,,008023,一阶统计值如下,设置为缺失,,,Operational,"AI Translator: rag_cache, Glossary Not Used"
bufr4/3/02/084/1/302031,02,与垂直探测数据相关的气象序列,302084,序列D 07 096的“瞬时”数据,,302031,压力信息,,,,Operational,"AI Translator: rag_cache, Glossary Not Used"
bufr4/3/02/084/2/302072,02,与垂直探测数据相关的气象序列,302084,序列D 07 096的“瞬时”数据,,302072,温度和湿度数据,,,,Operational,"AI Translator: rag_cache, Glossary Not Used"
bufr4/3/02/084/3/103000,02,与垂直探测数据相关的气象序列,302084,序列D 07 096的“瞬时”数据,,103000,6个描述符的延迟复制,,,,Operational,"AI Translator: rag_cache, Glossary Not Used"
bufr4/3/02/084/4/031000,02,与垂直探测数据相关的气象序列,302084,序列D 07 096的“瞬时”数据,,031000,描述符延迟复制因子,,,,Operational,"AI Translator: rag_cache, Glossary Not Used"
bufr4/3/02/084/5/101005,02,与垂直探测数据相关的气象序列,302084,序列D 07 096的“瞬时”数据,,101005,复制5个描述符2次,,,,Operational,"AI Translator: rag_cache, Glossary Not Used"
bufr4/3/02/084/6/307063,02,与垂直探测数据相关的气象序列,302084,序列D 07 096的“瞬时”数据,,307063,（地表以下深度和土壤温度）,,,,Operational,"AI Translator: rag_cache, Glossary Not Used"
bufr4/3/02/084/7/007061,02,与垂直探测数据相关的气象序列,302084,序列D 07 096的“瞬时”数据,,007061,水面/海面以下的深度,设置为缺失（取消）,,,Operational,"AI Translator: rag_cache, Glossary Not Used"
bufr4/3/02/084/8/101000,02,与垂直探测数据相关的气象序列,302084,序列D 07 096的“瞬时”数据,可见性数据,101000,6个描述符的延迟复制,,,,Operational,"AI Translator: rag_cache, Glossary Not Used"
bufr4/3/02/084/9/031000,02,与垂直探测数据相关的气象序列,302084,序列D 07 096的“瞬时”数据,可见性数据,031000,描述符延迟复制因子,,,,Operational,"AI Translator: rag_cache, Glossary Not Used"
bufr4/3/02/084/10/302069,02,与垂直探测数据相关的气象序列,302084,序列D 07 096的“瞬时”数据,可见性数据,302069,可见性数据,,,,Operational,"AI Translator: rag_cache, Glossary Not Used"
bufr4/3/02/084/11/007032,02,与垂直探测数据相关的气象序列,302084,序列D 07 096的“瞬时”数据,可见性数据,007032,根据传感器相对于当地地面（或海洋平台甲板）的代表性高度进行调整。,设置为缺失（取消）,,,Operational,"AI Translator: rag_cache, Glossary Not Used"
bufr4/3/02/084/12/007033,02,与垂直探测数据相关的气象序列,302084,序列D 07 096的“瞬时”数据,可见性数据,007033,传感器高于水面的位置,设置为缺失（取消）,,,Operational,"AI Translator: rag_cache, Glossary Not Used"
bufr4/3/02/084/13/105000,02,与垂直探测数据相关的气象序列,302084,序列D 07 096的“瞬时”数据,船舶海洋数据,105000,6个描述符的延迟复制,,,,Operational,"AI Translator: rag_cache, Glossary Not Used"
bufr4/3/02/084/14/031000,02,与垂直探测数据相关的气象序列,302084,序列D 07 096的“瞬时”数据,船舶海洋数据,031000,描述符延迟复制因子,,,,Operational,"AI Translator: rag_cache, Glossary Not Used"
bufr4/3/02/084/15/020031,02,与垂直探测数据相关的气象序列,302084,序列D 07 096的“瞬时”数据,船舶海洋数据,020031,冰沉积（厚度）,,,,Operational,"AI Translator: rag_cache, Glossary Not Used"
bufr4/3/02/084/16/020032,02,与垂直探测数据相关的气象序列,302084,序列D 07 096的“瞬时”数据,船舶海洋数据,020032,冰积速率（估算）,,,,Operational,"AI Translator: rag_cache, Glossary Not Used"
bufr4/3/02/084/17/002038,02,与垂直探测数据相关的气象序列,302084,序列D 07 096的“瞬时”数据,船舶海洋数据,002038,温度/盐度测量限定符,,,,Operational,"AI Translator: rag_cache, Glossary Not Used"
bufr4/3/02/084/18/022043,02,与垂直探测数据相关的气象序列,302084,序列D 07 096的“瞬时”数据,船舶海洋数据,022043,海面温度,比例：2,,,Operational,"AI Translator: rag_cache, Glossary Not Used"
bufr4/3/02/084/19/302021,02,与垂直探测数据相关的气象序列,302084,序列D 07 096的“瞬时”数据,船舶海洋数据,302021,波浪,,,,Operational,"AI Translator: rag_cache, Glossary Not Used"
bufr4/3/02/084/20/101000,02,与垂直探测数据相关的气象序列,302084,序列D 07 096的“瞬时”数据,测量雪深的方法,101000,6个描述符的延迟复制,,,,Operational,"AI Translator: rag_cache, Glossary Not Used"
bufr4/3/02/084/21/031000,02,与垂直探测数据相关的气象序列,302084,序列D 07 096的“瞬时”数据,测量雪深的方法,031000,描述符延迟复制因子,,,,Operational,"AI Translator: rag_cache, Glossary Not Used"
bufr4/3/02/084/22/302078,02,与垂直探测数据相关的气象序列,302084,序列D 07 096的“瞬时”数据,测量雪深的方法,302078,测量雪深的方法,,,,Operational,"AI Translator: rag_cache, Glossary Not Used"
bufr4/3/02/084/23/012113,02,与垂直探测数据相关的气象序列,302084,序列D 07 096的“瞬时”数据,测量雪深的方法,012113,过去12小时地面最低温度,比例：2,,,Operational,"AI Translator: rag_cache, Glossary Not Used"
bufr4/3/02/084/24/101000,02,与垂直探测数据相关的气象序列,302084,序列D 07 096的“瞬时”数据,云数据,101000,6个描述符的延迟复制,,,,Operational,"AI Translator: rag_cache, Glossary Not Used"
bufr4/3/02/084/25/031000,02,与垂直探测数据相关的气象序列,302084,序列D 07 096的“瞬时”数据,云数据,031000,描述符延迟复制因子,,,,Operational,"AI Translator: rag_cache, Glossary Not Used"
bufr4/3/02/084/26/302004,02,与垂直探测数据相关的气象序列,302084,序列D 07 096的“瞬时”数据,云数据,302004,一般云信息,,,,Operational,"AI Translator: rag_cache, Glossary Not Used"
bufr4/3/02/084/27/105000,02,与垂直探测数据相关的气象序列,302084,序列D 07 096的“瞬时”数据,云数据,105000,6个描述符的延迟复制,,,,Operational,"AI Translator: rag_cache, Glossary Not Used"
bufr4/3/02/084/28/031001,02,与垂直探测数据相关的气象序列,302084,序列D 07 096的“瞬时”数据,云数据,031001,描述符延迟复制因子,,,,Operational,"AI Translator: rag_cache, Glossary Not Used"
bufr4/3/02/084/29/008002,02,与垂直探测数据相关的气象序列,302084,序列D 07 096的“瞬时”数据,云数据,008002,垂直意义（卫星观测）,,,,Operational,"AI Translator: rag_cache, Glossary Not Used"
bufr4/3/02/084/30/020011,02,与垂直探测数据相关的气象序列,302084,序列D 07 096的“瞬时”数据,云数据,020011,云量,,,,Operational,"AI Translator: rag_cache, Glossary Not Used"
bufr4/3/02/084/31/020012,02,与垂直探测数据相关的气象序列,302084,序列D 07 096的“瞬时”数据,云数据,020012,云类型,,,,Operational,"AI Translator: rag_cache, Glossary Not Used"
bufr4/3/02/084/32/033041,02,与垂直探测数据相关的气象序列,302084,序列D 07 096的“瞬时”数据,云数据,033041,以下值的属性,,,,Operational,"AI Translator: rag_cache, Glossary Not Used"
bufr4/3/02/084/33/020013,02,与垂直探测数据相关的气象序列,302084,序列D 07 096的“瞬时”数据,云数据,020013,云顶高度,,,,Operational,"AI Translator: rag_cache, Glossary Not Used"
bufr4/3/02/084/34/302036,02,与垂直探测数据相关的气象序列,302084,序列D 07 096的“瞬时”数据,云数据,302036,云层底部低于站点水平,,,,Operational,"AI Translator: rag_cache, Glossary Not Used"
bufr4/3/02/084/35/101000,02,与垂直探测数据相关的气象序列,302084,序列D 07 096的“瞬时”数据,云层漂移方向,101000,6个描述符的延迟复制,,,,Operational,"AI Translator: rag_cache, Glossary Not Used"
bufr4/3/02/084/36/031000,02,与垂直探测数据相关的气象序列,302084,序列D 07 096的“瞬时”数据,云层漂移方向,031000,描述符延迟复制因子,,,,Operational,"AI Translator: rag_cache, Glossary Not Used"
bufr4/3/02/084/37/302047,02,与垂直探测数据相关的气象序列,302084,序列D 07 096的“瞬时”数据,云层漂移方向,302047,云层漂移方向,,,,Operational,"AI Translator: rag_cache, Glossary Not Used"
bufr4/3/02/084/38/008002,02,与垂直探测数据相关的气象序列,302084,序列D 07 096的“瞬时”数据,云层漂移方向,008002,垂直意义（卫星观测）,设置为缺失（取消）,,,Operational,"AI Translator: rag_cache, Glossary Not Used"
bufr4/3/02/084/39/101000,02,与垂直探测数据相关的气象序列,302084,序列D 07 096的“瞬时”数据,云层的方向和高度,101000,6个描述符的延迟复制,,,,Operational,"AI Translator: rag_cache, Glossary Not Used"
bufr4/3/02/084/40/031000,02,与垂直探测数据相关的气象序列,302084,序列D 07 096的“瞬时”数据,云层的方向和高度,031000,描述符延迟复制因子,,,,Operational,"AI Translator: rag_cache, Glossary Not Used"
bufr4/3/02/084/41/302048,02,与垂直探测数据相关的气象序列,302084,序列D 07 096的“瞬时”数据,云层的方向和高度,302048,云层的方向和高度,,,,Operational,"AI Translator: rag_cache, Glossary Not Used"
bufr4/3/02/085/1/105000,02,与垂直探测数据相关的气象序列,302085,（“周期”数据序列 D 07 096）,当前和过去的天气数据,105000,6个描述符的延迟复制,,,,Operational,"AI Translator: rag_cache, Glossary Not Used"
bufr4/3/02/085/2/031000,02,与垂直探测数据相关的气象序列,302085,（“周期”数据序列 D 07 096）,当前和过去的天气数据,031000,描述符延迟复制因子,,,,Operational,"AI Translator: rag_cache, Glossary Not Used"
bufr4/3/02/085/3/020003,02,与垂直探测数据相关的气象序列,302085,（“周期”数据序列 D 07 096）,当前和过去的天气数据,020003,当前天气,,,,Operational,"AI Translator: rag_cache, Glossary Not Used"
bufr4/3/02/085/4/103002,02,与垂直探测数据相关的气象序列,302085,（“周期”数据序列 D 07 096）,当前和过去的天气数据,103002,复制5个描述符2次,,,,Operational,"AI Translator: rag_cache, Glossary Not Used"
bufr4/3/02/085/5/004024,02,与垂直探测数据相关的气象序列,302085,（“周期”数据序列 D 07 096）,当前和过去的天气数据,004024,时间周期或位移,在第一次复制中为 = -1（小时），在第二次复制中为 = -x（小时），x 对应于 SYNOP 报告中的 W1W2 时间段,,,Operational,"AI Translator: rag_cache, Glossary Not Used"
bufr4/3/02/085/6/020004,02,与垂直探测数据相关的气象序列,302085,（“周期”数据序列 D 07 096）,当前和过去的天气数据,020004,过去天气 (1),,,,Operational,"AI Translator: rag_cache, Glossary Not Used"
bufr4/3/02/085/7/020005,02,与垂直探测数据相关的气象序列,302085,（“周期”数据序列 D 07 096）,当前和过去的天气数据,020005,过去天气 (1),,,,Operational,"AI Translator: rag_cache, Glossary Not Used"
bufr4/3/02/085/8/101000,02,与垂直探测数据相关的气象序列,302085,（“周期”数据序列 D 07 096）,降水强度，降水要素的大小,101000,6个描述符的延迟复制,,,,Operational,"AI Translator: rag_cache, Glossary Not Used"
bufr4/3/02/085/9/031000,02,与垂直探测数据相关的气象序列,302085,（“周期”数据序列 D 07 096）,降水强度，降水要素的大小,031000,描述符延迟复制因子,,,,Operational,"AI Translator: rag_cache, Glossary Not Used"
bufr4/3/02/085/10/302175,02,与垂直探测数据相关的气象序列,302085,（“周期”数据序列 D 07 096）,降水强度，降水要素的大小,302175,降水强度，降水要素的大小,,,,Operational,"AI Translator: rag_cache, Glossary Not Used"
bufr4/3/02/085/11/102000,02,与垂直探测数据相关的气象序列,302085,（“周期”数据序列 D 07 096）,降水、遮蔽和其他现象,102000,6个描述符的延迟复制,,,,Operational,"AI Translator: rag_cache, Glossary Not Used"
bufr4/3/02/085/12/031000,02,与垂直探测数据相关的气象序列,302085,（“周期”数据序列 D 07 096）,降水、遮蔽和其他现象,031000,描述符延迟复制因子,,,,Operational,"AI Translator: rag_cache, Glossary Not Used"
bufr4/3/02/085/13/004025,02,与垂直探测数据相关的气象序列,302085,（“周期”数据序列 D 07 096）,降水、遮蔽和其他现象,004025,时间周期或位移,= -10（分钟）,,,Operational,"AI Translator: rag_cache, Glossary Not Used"
bufr4/3/02/085/14/302076,02,与垂直探测数据相关的气象序列,302085,（“周期”数据序列 D 07 096）,降水、遮蔽和其他现象,302076,降水、遮蔽和其他现象,,,,Operational,"AI Translator: rag_cache, Glossary Not Used"
bufr4/3/02/085/15/102000,02,与垂直探测数据相关的气象序列,302085,（“周期”数据序列 D 07 096）,闪电数据,102000,6个描述符的延迟复制,,,,Operational,"AI Translator: rag_cache, Glossary Not Used"
bufr4/3/02/085/16/031000,02,与垂直探测数据相关的气象序列,302085,（“周期”数据序列 D 07 096）,闪电数据,031000,描述符延迟复制因子,,,,Operational,"AI Translator: rag_cache, Glossary Not Used"
bufr4/3/02/085/17/004025,02,与垂直探测数据相关的气象序列,302085,（“周期”数据序列 D 07 096）,闪电数据,004025,时间周期或位移,= -10（分钟）,,,Operational,"AI Translator: rag_cache, Glossary Not Used"
bufr4/3/02/085/18/013059,02,与垂直探测数据相关的气象序列,302085,（“周期”数据序列 D 07 096）,闪电数据,013059,闪电次数（雷暴）,,,,Operational,"AI Translator: rag_cache, Glossary Not Used"
bufr4/3/02/085/19/007032,02,与垂直探测数据相关的气象序列,302085,（“周期”数据序列 D 07 096）,额外风数据,007032,根据传感器相对于当地地面（或海洋平台甲板）的代表性高度进行调整。,,,,Operational,"AI Translator: rag_cache, Glossary Not Used"
bufr4/3/02/085/20/007033,02,与垂直探测数据相关的气象序列,302085,（“周期”数据序列 D 07 096）,额外风数据,007033,传感器高于水面的位置,,,,Operational,"AI Translator: rag_cache, Glossary Not Used"
bufr4/3/02/085/21/008021,02,与垂直探测数据相关的气象序列,302085,（“周期”数据序列 D 07 096）,额外风数据,008021,时间意义,时间平均,,,Operational,"AI Translator: rag_cache, Glossary Not Used"
bufr4/3/02/085/22/004025,02,与垂直探测数据相关的气象序列,302085,（“周期”数据序列 D 07 096）,额外风数据,004025,时间周期或位移,= -10（分钟）或显著风向变化后的分钟数（如果有）。,,,Operational,"AI Translator: rag_cache, Glossary Not Used"
bufr4/3/02/085/23/011001,02,与垂直探测数据相关的气象序列,302085,（“周期”数据序列 D 07 096）,额外风数据,011001,风向,,,,Operational,"AI Translator: rag_cache, Glossary Not Used"
bufr4/3/02/085/24/011002,02,与垂直探测数据相关的气象序列,302085,（“周期”数据序列 D 07 096）,额外风数据,011002,风速,,,,Operational,"AI Translator: rag_cache, Glossary Not Used"
bufr4/3/02/085/25/008021,02,与垂直探测数据相关的气象序列,302085,（“周期”数据序列 D 07 096）,额外风数据,008021,时间意义,设置为缺失,,,Operational,"AI Translator: rag_cache, Glossary Not Used"
bufr4/3/02/085/26/103003,02,与垂直探测数据相关的气象序列,302085,（“周期”数据序列 D 07 096）,额外风数据,103003,复制5个描述符2次,,,,Operational,"AI Translator: rag_cache, Glossary Not Used"
bufr4/3/02/085/27/004025,02,与垂直探测数据相关的气象序列,302085,（“周期”数据序列 D 07 096）,额外风数据,004025,时间周期或位移,在第一次复制中为 = -24（小时），在第二次复制中为 = -1（小时）,,,Operational,"AI Translator: rag_cache, Glossary Not Used"
bufr4/3/02/085/28/011043,02,与垂直探测数据相关的气象序列,302085,（“周期”数据序列 D 07 096）,额外风数据,011043,最大阵风速度,,,,Operational,"AI Translator: rag_cache, Glossary Not Used"
bufr4/3/02/085/29/011041,02,与垂直探测数据相关的气象序列,302085,（“周期”数据序列 D 07 096）,额外风数据,011041,最大阵风速度,,,,Operational,"AI Translator: rag_cache, Glossary Not Used"
bufr4/3/02/085/30/004025,02,与垂直探测数据相关的气象序列,302085,（“周期”数据序列 D 07 096）,额外风数据,004025,时间周期或位移,= -10（分钟）,,,Operational,"AI Translator: rag_cache, Glossary Not Used"
bufr4/3/02/085/31/011016,02,与垂直探测数据相关的气象序列,302085,（“周期”数据序列 D 07 096）,额外风数据,011016,可变风的极端逆时针风向,,,,Operational,"AI Translator: rag_cache, Glossary Not Used"
bufr4/3/02/085/32/011017,02,与垂直探测数据相关的气象序列,302085,（“周期”数据序列 D 07 096）,额外风数据,011017,可变风的极端逆时针风向,,,,Operational,"AI Translator: rag_cache, Glossary Not Used"
bufr4/3/02/085/33/302077,02,与垂直探测数据相关的气象序列,302085,（“周期”数据序列 D 07 096）,极端温度数据,302077,极端温度数据,,,,Operational,"AI Translator: rag_cache, Glossary Not Used"
bufr4/3/02/085/34/007033,02,与垂直探测数据相关的气象序列,302085,（“周期”数据序列 D 07 096）,极端温度数据,007033,传感器高于水面的位置,设置为缺失（取消）,,,Operational,"AI Translator: rag_cache, Glossary Not Used"
bufr4/3/02/085/35/302041,02,与垂直探测数据相关的气象序列,302085,（“周期”数据序列 D 07 096）,极端温度数据,302041,极端温度数据,,,,Operational,"AI Translator: rag_cache, Glossary Not Used"
bufr4/3/02/085/36/106000,02,与垂直探测数据相关的气象序列,302085,（“周期”数据序列 D 07 096）,降水量测量,106000,6个描述符的延迟复制,,,,Operational,"AI Translator: rag_cache, Glossary Not Used"
bufr4/3/02/085/37/031000,02,与垂直探测数据相关的气象序列,302085,（“周期”数据序列 D 07 096）,降水量测量,031000,描述符延迟复制因子,,,,Operational,"AI Translator: rag_cache, Glossary Not Used"
bufr4/3/02/085/38/007032,02,与垂直探测数据相关的气象序列,302085,（“周期”数据序列 D 07 096）,降水量测量,007032,根据传感器相对于当地地面（或海洋平台甲板）的代表性高度进行调整。,,,,Operational,"AI Translator: rag_cache, Glossary Not Used"
bufr4/3/02/085/39/002175,02,与垂直探测数据相关的气象序列,302085,（“周期”数据序列 D 07 096）,降水量测量,002175,降水量测量,,,,Operational,"AI Translator: rag_cache, Glossary Not Used"
bufr4/3/02/085/40/002178,02,与垂直探测数据相关的气象序列,302085,（“周期”数据序列 D 07 096）,降水量测量,002178,降水量测量,,,,Operational,"AI Translator: rag_cache, Glossary Not Used"
bufr4/3/02/085/41/102005,02,与垂直探测数据相关的气象序列,302085,（“周期”数据序列 D 07 096）,降水量测量,102005,复制5个描述符2次,,,,Operational,"AI Translator: rag_cache, Glossary Not Used"
bufr4/3/02/085/42/004024,02,与垂直探测数据相关的气象序列,302085,（“周期”数据序列 D 07 096）,降水量测量,004024,时间周期或位移,在第一次复制中为 = -24（小时），在第二次复制中为 = -1（小时）,,,Operational,"AI Translator: rag_cache, Glossary Not Used"
bufr4/3/02/085/43/013011,02,与垂直探测数据相关的气象序列,302085,（“周期”数据序列 D 07 096）,降水量测量,013011,总降水量/总水当量,,,,Operational,"AI Translator: rag_cache, Glossary Not Used"
bufr4/3/02/085/44/007032,02,与垂直探测数据相关的气象序列,302085,（“周期”数据序列 D 07 096）,降水量测量,007032,根据传感器相对于当地地面（或海洋平台甲板）的代表性高度进行调整。,设置为缺失（取消）,,,Operational,"AI Translator: rag_cache, Glossary Not Used"
bufr4/3/02/085/45/103000,02,与垂直探测数据相关的气象序列,302085,（“周期”数据序列 D 07 096）,蒸发数据,103000,6个描述符的延迟复制,,,,Operational,"AI Translator: rag_cache, Glossary Not Used"
bufr4/3/02/085/46/031000,02,与垂直探测数据相关的气象序列,302085,（“周期”数据序列 D 07 096）,蒸发数据,031000,描述符延迟复制因子,,,,Operational,"AI Translator: rag_cache, Glossary Not Used"
bufr4/3/02/085/47/002185,02,与垂直探测数据相关的气象序列,302085,（“周期”数据序列 D 07 096）,蒸发数据,002185,蒸发测量,,,,Operational,"AI Translator: rag_cache, Glossary Not Used"
bufr4/3/02/085/48/101002,02,与垂直探测数据相关的气象序列,302085,（“周期”数据序列 D 07 096）,蒸发数据,101002,复制5个描述符2次,,,,Operational,"AI Translator: rag_cache, Glossary Not Used"
bufr4/3/02/085/49/302044,02,与垂直探测数据相关的气象序列,302085,（“周期”数据序列 D 07 096）,蒸发数据,302044,蒸发数据,,,,Operational,"AI Translator: rag_cache, Glossary Not Used"
bufr4/3/02/085/50/102000,02,与垂直探测数据相关的气象序列,302085,（“周期”数据序列 D 07 096）,总阳光数据,102000,6个描述符的延迟复制,,,,Operational,"AI Translator: rag_cache, Glossary Not Used"
bufr4/3/02/085/51/031000,02,与垂直探测数据相关的气象序列,302085,（“周期”数据序列 D 07 096）,总阳光数据,031000,描述符延迟复制因子,,,,Operational,"AI Translator: rag_cache, Glossary Not Used"
bufr4/3/02/085/52/101002,02,与垂直探测数据相关的气象序列,302085,（“周期”数据序列 D 07 096）,总阳光数据,101002,复制5个描述符2次,,,,Operational,"AI Translator: rag_cache, Glossary Not Used"
bufr4/3/02/085/53/302039,02,与垂直探测数据相关的气象序列,302085,（“周期”数据序列 D 07 096）,总阳光数据,302039,总阳光数据,,,,Operational,"AI Translator: rag_cache, Glossary Not Used"
bufr4/3/02/085/54/102000,02,与垂直探测数据相关的气象序列,302085,（“周期”数据序列 D 07 096）,辐射数据,102000,6个描述符的延迟复制,,,,Operational,"AI Translator: rag_cache, Glossary Not Used"
bufr4/3/02/085/55/031000,02,与垂直探测数据相关的气象序列,302085,（“周期”数据序列 D 07 096）,辐射数据,031000,描述符延迟复制因子,,,,Operational,"AI Translator: rag_cache, Glossary Not Used"
bufr4/3/02/085/56/101002,02,与垂直探测数据相关的气象序列,302085,（“周期”数据序列 D 07 096）,辐射数据,101002,复制5个描述符2次,,,,Operational,"AI Translator: rag_cache, Glossary Not Used"
bufr4/3/02/085/57/302045,02,与垂直探测数据相关的气象序列,302085,（“周期”数据序列 D 07 096）,辐射数据,302045,辐射数据（1小时和24小时周期）,,,,Operational,"AI Translator: rag_cache, Glossary Not Used"
bufr4/3/02/085/58/101000,02,与垂直探测数据相关的气象序列,302085,（“周期”数据序列 D 07 096）,温度变化组 54g0sndT,101000,6个描述符的延迟复制,,,,Operational,"AI Translator: rag_cache, Glossary Not Used"
bufr4/3/02/085/59/031000,02,与垂直探测数据相关的气象序列,302085,（“周期”数据序列 D 07 096）,温度变化组 54g0sndT,031000,描述符延迟复制因子,,,,Operational,"AI Translator: rag_cache, Glossary Not Used"
bufr4/3/02/085/60/302046,02,与垂直探测数据相关的气象序列,302085,（“周期”数据序列 D 07 096）,温度变化组 54g0sndT,302046,温度变化,,,,Operational,"AI Translator: rag_cache, Glossary Not Used"
bufr4/3/02/085/61/101000,02,与垂直探测数据相关的气象序列,302085,（“周期”数据序列 D 07 096）,P、W、T、U 数据的一阶统计量,101000,6个描述符的延迟复制,,,,Operational,"AI Translator: rag_cache, Glossary Not Used"
bufr4/3/02/085/62/031000,02,与垂直探测数据相关的气象序列,302085,（“周期”数据序列 D 07 096）,P、W、T、U 数据的一阶统计量,031000,描述符延迟复制因子,,,,Operational,"AI Translator: rag_cache, Glossary Not Used"
bufr4/3/02/085/63/302083,02,与垂直探测数据相关的气象序列,302085,（“周期”数据序列 D 07 096）,P、W、T、U 数据的一阶统计量,302083,P、W、T、U 数据的一阶统计量,,,,Operational,"AI Translator: rag_cache, Glossary Not Used"
bufr4/3/02/089/1/020101,02,与垂直探测数据相关的气象序列,302089,其他蝗虫,,020101,蝗虫（蝗类）名称,Ln,,,Operational,"AI Translator: rag_cache, Glossary Not Used"
bufr4/3/02/089/2/020102,02,与垂直探测数据相关的气象序列,302089,其他蝗虫,,020102,蝗虫（成熟）颜色,Lc,,,Operational,"AI Translator: rag_cache, Glossary Not Used"
bufr4/3/02/089/3/020103,02,与垂直探测数据相关的气象序列,302089,其他蝗虫,,020103,蝗虫的发育阶段,Ld,,,Operational,"AI Translator: rag_cache, Glossary Not Used"
bufr4/3/02/089/4/020104,02,与垂直探测数据相关的气象序列,302089,其他蝗虫,,020104,蝗虫群体或群队的组织状态,Lg,,,Operational,"AI Translator: rag_cache, Glossary Not Used"
bufr4/3/02/089/5/020105,02,与垂直探测数据相关的气象序列,302089,其他蝗虫,,020105,蝗虫群体或群队的组织状态,sL,,,Operational,"AI Translator: rag_cache, Glossary Not Used"
bufr4/3/02/089/6/020106,02,与垂直探测数据相关的气象序列,302089,其他蝗虫,,020106,蝗虫种群密度,分贝（dL）,,,Operational,"AI Translator: rag_cache, Glossary Not Used"
bufr4/3/02/089/7/020107,02,与垂直探测数据相关的气象序列,302089,其他蝗虫,,020107,蝗虫群体移动的方向,分贝（dL）,,,Operational,"AI Translator: rag_cache, Glossary Not Used"
bufr4/3/02/089/8/020108,02,与垂直探测数据相关的气象序列,302089,其他蝗虫,,020108,植被范围,ve,,,Operational,"AI Translator: rag_cache, Glossary Not Used"
bufr4/3/02/090/1/002038,02,与垂直探测数据相关的气象序列,302090,海水温度高精度,,002038,温度/盐度测量限定符,,,,Operational,"AI Translator: rag_cache, Glossary Not Used"
bufr4/3/02/090/2/007063,02,与垂直探测数据相关的气象序列,302090,海水温度高精度,,007063,水面/海面以下的深度,海面温度,,,Operational,"AI Translator: rag_cache, Glossary Not Used"
bufr4/3/02/090/3/022045,02,与垂直探测数据相关的气象序列,302090,海水温度高精度,,022045,海面温度,,,,Operational,"AI Translator: rag_cache, Glossary Not Used"
bufr4/3/02/091/1/020001,02,与垂直探测数据相关的气象序列,302091,辅助气象观测表示序列,,020001,水平能见度,,,,Operational,"AI Translator: rag_cache, Glossary Not Used"
bufr4/3/02/091/2/004024,02,与垂直探测数据相关的气象序列,302091,辅助气象观测表示序列,,004024,时间周期或位移,,,,Operational,"AI Translator: rag_cache, Glossary Not Used"
bufr4/3/02/091/3/013011,02,与垂直探测数据相关的气象序列,302091,辅助气象观测表示序列,,013011,总降水量/总水当量,,,,Operational,"AI Translator: rag_cache, Glossary Not Used"
bufr4/3/02/092/1/011104,02,与垂直探测数据相关的气象序列,302092,VOSClim 数据元素,,011104,飞机、船舶或其他移动平台的真实航向,船舶的真航向,,,Operational,"AI Translator: rag_cache, Glossary Not Used"
bufr4/3/02/092/2/001012,02,与垂直探测数据相关的气象序列,302092,VOSClim 数据元素,,001012,移动观察平台的运动速度,船舶对地航向,,,Operational,"AI Translator: rag_cache, Glossary Not Used"
bufr4/3/02/092/3/001013,02,与垂直探测数据相关的气象序列,302092,VOSClim 数据元素,,001013,移动观察平台的运动速度,船舶对地航速,,,Operational,"AI Translator: rag_cache, Glossary Not Used"
bufr4/3/02/092/4/010038,02,与垂直探测数据相关的气象序列,302092,VOSClim 数据元素,,010038,夏季载重线以上甲板货物的最大高度,,,,Operational,"AI Translator: rag_cache, Glossary Not Used"
bufr4/3/02/092/5/010039,02,与垂直探测数据相关的气象序列,302092,VOSClim 数据元素,,010039,参考水平（夏季最大负载线）与实际海平面的偏离,,,,Operational,"AI Translator: rag_cache, Glossary Not Used"
bufr4/3/02/092/6/011007,02,与垂直探测数据相关的气象序列,302092,VOSClim 数据元素,,011007,相对风向（以船首为基准的偏离角度）,,,,Operational,"AI Translator: rag_cache, Glossary Not Used"
bufr4/3/02/092/7/011008,02,与垂直探测数据相关的气象序列,302092,VOSClim 数据元素,,011008,风速,,,,Operational,"AI Translator: rag_cache, Glossary Not Used"
bufr4/3/02/093/1/007032,02,与垂直探测数据相关的气象序列,302093,船舶温度和湿度数据,,007032,根据传感器相对于当地地面（或海洋平台甲板）的代表性高度进行调整。,,,,Operational,"AI Translator: rag_cache, Glossary Not Used"
bufr4/3/02/093/2/007033,02,与垂直探测数据相关的气象序列,302093,船舶温度和湿度数据,,007033,传感器高于水面的位置,,,,Operational,"AI Translator: rag_cache, Glossary Not Used"
bufr4/3/02/093/3/303099,02,与垂直探测数据相关的气象序列,302093,船舶温度和湿度数据,,303099,（温湿度传感器通用元数据）,,,,Operational,"AI Translator: rag_cache, Glossary Not Used"
bufr4/3/02/093/4/012101,02,与垂直探测数据相关的气象序列,302093,船舶温度和湿度数据,,012101,温度/空气温度,,,,Operational,"AI Translator: rag_cache, Glossary Not Used"
bufr4/3/02/093/5/103000,02,与垂直探测数据相关的气象序列,302093,船舶温度和湿度数据,,103000,6个描述符的延迟复制,,,,Operational,"AI Translator: rag_cache, Glossary Not Used"
bufr4/3/02/093/6/031000,02,与垂直探测数据相关的气象序列,302093,船舶温度和湿度数据,,031000,描述符延迟复制因子,如果与之前的值没有变化，则设为0；如果有变化，则设为1。,,,Operational,"AI Translator: azure, Glossary Not Used"
bufr4/3/02/093/7/007032,02,与垂直探测数据相关的气象序列,302093,船舶温度和湿度数据,,007032,根据传感器相对于当地地面（或海洋平台甲板）的代表性高度进行调整。,,,,Operational,"AI Translator: rag_cache, Glossary Not Used"
bufr4/3/02/093/8/007033,02,与垂直探测数据相关的气象序列,302093,船舶温度和湿度数据,,007033,传感器高于水面的位置,,,,Operational,"AI Translator: rag_cache, Glossary Not Used"
bufr4/3/02/093/9/303099,02,与垂直探测数据相关的气象序列,302093,船舶温度和湿度数据,,303099,（温湿度传感器通用元数据）,,,,Operational,"AI Translator: rag_cache, Glossary Not Used"
bufr4/3/02/093/10/002039,02,与垂直探测数据相关的气象序列,302093,船舶温度和湿度数据,,002039,湿球温度,,,,Operational,"AI Translator: rag_cache, Glossary Not Used"
bufr4/3/02/093/11/002097,02,与垂直探测数据相关的气象序列,302093,船舶温度和湿度数据,,002097,湿度传感器类型,,,,Operational,"AI Translator: rag_cache, Glossary Not Used"
bufr4/3/02/093/12/003024,02,与垂直探测数据相关的气象序列,302093,船舶温度和湿度数据,,003024,湿度系数,如果湿度传感器的类型不是干湿球湿度计，则设置为缺失。,,,Operational,"AI Translator: azure, Glossary Not Used"
bufr4/3/02/093/13/003021,02,与垂直探测数据相关的气象序列,302093,船舶温度和湿度数据,,003021,湿度计加热,,,,Operational,"AI Translator: rag_cache, Glossary Not Used"
bufr4/3/02/093/14/012102,02,与垂直探测数据相关的气象序列,302093,船舶温度和湿度数据,,012102,湿球温度,,,,Operational,"AI Translator: rag_cache, Glossary Not Used"
bufr4/3/02/093/15/012103,02,与垂直探测数据相关的气象序列,302093,船舶温度和湿度数据,,012103,露点温度,,,,Operational,"AI Translator: rag_cache, Glossary Not Used"
bufr4/3/02/093/16/013003,02,与垂直探测数据相关的气象序列,302093,船舶温度和湿度数据,,013003,相对湿度,,,,Operational,"AI Translator: rag_cache, Glossary Not Used"
bufr4/3/02/093/17/007032,02,与垂直探测数据相关的气象序列,302093,船舶温度和湿度数据,,007032,根据传感器相对于当地地面（或海洋平台甲板）的代表性高度进行调整。,设置为缺失（取消）,,,Operational,"AI Translator: rag_cache, Glossary Not Used"
bufr4/3/02/093/18/007033,02,与垂直探测数据相关的气象序列,302093,船舶温度和湿度数据,,007033,传感器高于水面的位置,设置为缺失（取消）,,,Operational,"AI Translator: rag_cache, Glossary Not Used"
bufr4/3/02/093/19/303099,02,与垂直探测数据相关的气象序列,302093,船舶温度和湿度数据,,303099,（温湿度传感器通用元数据）,将序列中的所有元素设置为缺失（取消）,,,Operational,"AI Translator: azure, Glossary Not Used"
bufr4/3/02/093/20/002039,02,与垂直探测数据相关的气象序列,302093,船舶温度和湿度数据,,002039,湿球温度,设置为缺失（取消）,,,Operational,"AI Translator: rag_cache, Glossary Not Used"
bufr4/3/02/093/21/002097,02,与垂直探测数据相关的气象序列,302093,船舶温度和湿度数据,,002097,湿度传感器类型,设置为缺失（取消）,,,Operational,"AI Translator: rag_cache, Glossary Not Used"
bufr4/3/02/093/22/003021,02,与垂直探测数据相关的气象序列,302093,船舶温度和湿度数据,,003021,湿度计加热,设置为缺失（取消）,,,Operational,"AI Translator: rag_cache, Glossary Not Used"
bufr4/3/02/093/23/003024,02,与垂直探测数据相关的气象序列,302093,船舶温度和湿度数据,,003024,湿度系数,设置为缺失（取消）,,,Operational,"AI Translator: rag_cache, Glossary Not Used"
bufr4/3/02/175/1/008021,02,与垂直探测数据相关的气象序列,302175,降水强度，降水要素的大小,,008021,时间意义,,,,Operational,"AI Translator: rag_cache, Glossary Not Used"
bufr4/3/02/175/2/004025,02,与垂直探测数据相关的气象序列,302175,降水强度，降水要素的大小,,004025,时间周期或位移,,,,Operational,"AI Translator: rag_cache, Glossary Not Used"
bufr4/3/02/175/3/013155,02,与垂直探测数据相关的气象序列,302175,降水强度，降水要素的大小,,013155,降水强度（高精度）,,,,Operational,"AI Translator: rag_cache, Glossary Not Used"
bufr4/3/02/175/4/013058,02,与垂直探测数据相关的气象序列,302175,降水强度，降水要素的大小,,013058,降水元素的大小,,,,Operational,"AI Translator: rag_cache, Glossary Not Used"
bufr4/3/02/175/5/008021,02,与垂直探测数据相关的气象序列,302175,降水强度，降水要素的大小,,008021,时间意义,,,,Operational,"AI Translator: rag_cache, Glossary Not Used"
