Id,FXY,ElementName_rus,CodeFigure,EntryName_rus,EntryName_sub1_rus,EntryName_sub2_rus,Note_rus,noteIDs,Status
bufr4/0/08/001/1,008001,Значение вертикального зондирования,1,Поверхность,,,,,Operational
bufr4/0/08/001/2,008001,Значение вертикального зондирования,2,Стандартный уровень,,,,,Operational
bufr4/0/08/001/3,008001,Значение вертикального зондирования,3,Уровень тропопаузы,,,,,Operational
bufr4/0/08/001/4,008001,Значение вертикального зондирования,4,Максимальная скорость порывов ветра,,,,,Operational
bufr4/0/08/001/5,008001,Значение вертикального зондирования,5,"Значительный уровень, температура и/или относительная влажность",,,,,Operational
bufr4/0/08/001/6,008001,Значение вертикального зондирования,6,"Значительный уровень, ветер",,,,,Operational
bufr4/0/08/001/All-7,008001,Значение вертикального зондирования,All 7,Отсутствующее значение,,,,,Operational
bufr4/0/08/002/0,008002,Вертикальная значимость (спутниковые наблюдения),0,Соблюдаются правила для основания нижнего облака и типов облаков FM 12 SYNOP и FM 13 SHIP.,,,,,Operational
bufr4/0/08/002/1,008002,Вертикальная значимость (спутниковые наблюдения),1,"Первый значительный слой, не относящийся к кучево-дождевым облакам.",,,,,Operational
bufr4/0/08/002/2,008002,Вертикальная значимость (спутниковые наблюдения),2,"Первый значительный слой, не относящийся к кучево-дождевым облакам.",,,,,Operational
bufr4/0/08/002/3,008002,Вертикальная значимость (спутниковые наблюдения),3,"Первый значительный слой, не относящийся к кучево-дождевым облакам.",,,,,Operational
bufr4/0/08/002/4,008002,Вертикальная значимость (спутниковые наблюдения),4,"Первый значительный слой, не относящийся к кучево-дождевым облакам.",,,,,Operational
bufr4/0/08/002/5,008002,Вертикальная значимость (спутниковые наблюдения),5,Потолок,,,,,Operational
bufr4/0/08/002/6,008002,Вертикальная значимость (спутниковые наблюдения),6,Облака не обнаружены ниже следующей высоты(высот).,,,,,Operational
bufr4/0/08/002/7,008002,Вертикальная значимость (спутниковые наблюдения),7,1-й низкий облак,,,,,Operational
bufr4/0/08/002/8,008002,Вертикальная значимость (спутниковые наблюдения),8,Средняя облачность,,,,,Operational
bufr4/0/08/002/9,008002,Вертикальная значимость (спутниковые наблюдения),9,Высокая облачность,,,,,Operational
bufr4/0/08/002/10,008002,Вертикальная значимость (спутниковые наблюдения),10,Слой облаков с основанием ниже и верхней границей выше станции,,,,,Operational
bufr4/0/08/002/11,008002,Вертикальная значимость (спутниковые наблюдения),11,Слой облаков с основанием ниже и верхней границей выше станции,,,,,Operational
bufr4/0/08/002/12-19,008002,Вертикальная значимость (спутниковые наблюдения),12-19,Зарезервировано,,,,,Operational
bufr4/0/08/002/20,008002,Вертикальная значимость (спутниковые наблюдения),20,Облака не обнаружены системой обнаружения облаков.,,,,,Operational
bufr4/0/08/002/21,008002,Вертикальная значимость (спутниковые наблюдения),21,Первый инструмент обнаружил слой облаков,,,,,Operational
bufr4/0/08/002/22,008002,Вертикальная значимость (спутниковые наблюдения),22,Первый инструмент обнаружил слой облаков,,,,,Operational
bufr4/0/08/002/23,008002,Вертикальная значимость (спутниковые наблюдения),23,Первый инструмент обнаружил слой облаков,,,,,Operational
bufr4/0/08/002/24,008002,Вертикальная значимость (спутниковые наблюдения),24,Первый инструмент обнаружил слой облаков,,,,,Operational
bufr4/0/08/002/25-61,008002,Вертикальная значимость (спутниковые наблюдения),25-61,Зарезервировано,,,,,Operational
bufr4/0/08/002/62,008002,Вертикальная значимость (спутниковые наблюдения),62,Значение неприменимо,,,,,Operational
bufr4/0/08/002/63,008002,Вертикальная значимость (спутниковые наблюдения),63,Отсутствующее значение,,,,,Operational
bufr4/0/08/003/0,008003,Вертикальная значимость (спутниковые наблюдения),0,Поверхность,,,,,Operational
bufr4/0/08/003/1,008003,Вертикальная значимость (спутниковые наблюдения),1,База спутникового зондирования,,,,,Operational
bufr4/0/08/003/2,008003,Вертикальная значимость (спутниковые наблюдения),2,Описание верхней границы облаков,,,,,Operational
bufr4/0/08/003/3,008003,Вертикальная значимость (спутниковые наблюдения),3,Уровень тропопаузы,,,,,Operational
bufr4/0/08/003/4,008003,Вертикальная значимость (спутниковые наблюдения),4,Осаждаемая вода,,,,,Operational
bufr4/0/08/003/5,008003,Вертикальная значимость (спутниковые наблюдения),5,Звучащие сияния,,,,,Operational
bufr4/0/08/003/6,008003,Вертикальная значимость (спутниковые наблюдения),6,Средние температуры,,,,,Operational
bufr4/0/08/003/7,008003,Вертикальная значимость (спутниковые наблюдения),7,Озон,,,,,Operational
bufr4/0/08/003/8,008003,Вертикальная значимость (спутниковые наблюдения),8,1-й низкий облак,,,,,Operational
bufr4/0/08/003/9,008003,Вертикальная значимость (спутниковые наблюдения),9,Мед облако,,,,,Operational
bufr4/0/08/003/10,008003,Вертикальная значимость (спутниковые наблюдения),10,Высокая облачность,,,,,Operational
bufr4/0/08/003/11-62,008003,Вертикальная значимость (спутниковые наблюдения),11-62,Зарезервировано,,,,,Operational
bufr4/0/08/003/63,008003,Вертикальная значимость (спутниковые наблюдения),63,Отсутствующее значение,,,,,Operational
bufr4/0/08/004/0-1,008004,Фаза полета воздушного судна,0-1,Зарезервировано,,,,,Operational
bufr4/0/08/004/2,008004,Фаза полета воздушного судна,2,Нестабильный (UNS),,,,,Operational
bufr4/0/08/004/3,008004,Фаза полета воздушного судна,3,"Горизонтальный полет, рутинное наблюдение (LVR)",,,,,Operational
bufr4/0/08/004/4,008004,Фаза полета воздушного судна,4,"Горизонтальный полет, максимальный встречный ветер (LVW)",,,,,Operational
bufr4/0/08/004/5,008004,Фаза полета воздушного судна,5,Восходящий (ASC),,,,,Operational
bufr4/0/08/004/6,008004,Фаза полета воздушного судна,6,Снижение (DES),,,,,Operational
bufr4/0/08/004/7,008004,Фаза полета воздушного судна,7,Отсутствующее значение,,,,,Operational
bufr4/0/08/005/0,008005,Значение метеорологического атрибута,0,Зарезервировано,,,,,Operational
bufr4/0/08/005/1,008005,Значение метеорологического атрибута,1,Центр шторма,,,,,Operational
bufr4/0/08/005/2,008005,Значение метеорологического атрибута,2,Внешняя граница или край шторма,,,,,Operational
bufr4/0/08/005/3,008005,Значение метеорологического атрибута,3,Расположение максимального ветра,,,,,Operational
bufr4/0/08/005/4,008005,Значение метеорологического атрибута,4,Расположение шторма в возмущенном анализе,,,,,Operational
bufr4/0/08/005/5,008005,Значение метеорологического атрибута,5,Расположение шторма в возмущенном анализе,,,,,Operational
bufr4/0/08/005/6-14,008005,Значение метеорологического атрибута,6-14,Зарезервировано,,,,,Operational
bufr4/0/08/005/15,008005,Значение метеорологического атрибута,15,Отсутствующее значение,,,,,Operational
bufr4/0/08/006/1,008006,Значение вертикального зондирования озона,1,Поверхность,,,,,Operational
bufr4/0/08/006/2,008006,Значение вертикального зондирования озона,2,Стандартный уровень,,,,,Operational
bufr4/0/08/006/3,008006,Значение вертикального зондирования озона,3,Уровень тропопаузы,,,,,Operational
bufr4/0/08/006/4,008006,Значение вертикального зондирования озона,4,Выдающийся максимальный уровень,,,,,Operational
bufr4/0/08/006/5,008006,Значение вертикального зондирования озона,5,Выдающийся максимальный уровень,,,,,Operational
bufr4/0/08/006/6,008006,Значение вертикального зондирования озона,6,Минимальный уровень давления,,,,,Operational
bufr4/0/08/006/7,008006,Значение вертикального зондирования озона,7,Зарезервировано,,,,,Operational
bufr4/0/08/006/8,008006,Значение вертикального зондирования озона,8,Уровень неопределённой значимости,,,,,Operational
bufr4/0/08/006/All-9,008006,Значение вертикального зондирования озона,All 9,Отсутствующее значение,,,,,Operational
bufr4/0/08/007/0,008007,Размерное значение,0,Точка,,,,,Operational
bufr4/0/08/007/1,008007,Размерное значение,1,Линия,,,,,Operational
bufr4/0/08/007/2,008007,Размерное значение,2,Область,,,,,Operational
bufr4/0/08/007/3,008007,Размерное значение,3,Объем,,,,,Operational
bufr4/0/08/007/4-14,008007,Размерное значение,4-14,Зарезервировано,,,,,Operational
bufr4/0/08/007/15,008007,Размерное значение,15,Отсутствующее значение,,,,,Operational
bufr4/0/08/008/1,008008,Значение радиационного вертикального зондирования,1,Поверхность,,,,,Operational
bufr4/0/08/008/2,008008,Значение радиационного вертикального зондирования,2,Стандартный уровень,,,,,Operational
bufr4/0/08/008/3,008008,Значение радиационного вертикального зондирования,3,Уровень тропопаузы,,,,,Operational
bufr4/0/08/008/4,008008,Значение радиационного вертикального зондирования,4,Уровень максимального бета-излучения,,,,,Operational
bufr4/0/08/008/5,008008,Значение радиационного вертикального зондирования,5,Уровень максимального гамма-излучения,,,,,Operational
bufr4/0/08/008/6,008008,Значение радиационного вертикального зондирования,6,Минимальный уровень давления,,,,,Operational
bufr4/0/08/008/7,008008,Значение радиационного вертикального зондирования,7,Зарезервировано,,,,,Operational
bufr4/0/08/008/8,008008,Значение радиационного вертикального зондирования,8,Уровень неопределённой значимости,,,,,Operational
bufr4/0/08/008/All-9,008008,Значение радиационного вертикального зондирования,All 9,Отсутствующее значение,,,,,Operational
bufr4/0/08/009/0,008009,Фаза полета воздушного судна,0,"Горизонтальный полет, рутинное наблюдение, нестабильный",,,,,Operational
bufr4/0/08/009/1,008009,Фаза полета воздушного судна,1,"Горизонтальный полет, рутинное наблюдение, нестабильный",,,,,Operational
bufr4/0/08/009/2,008009,Фаза полета воздушного судна,2,Нестабильный (UNS),,,,,Operational
bufr4/0/08/009/3,008009,Фаза полета воздушного судна,3,"Горизонтальный полет, рутинное наблюдение (LVR)",,,,,Operational
bufr4/0/08/009/4,008009,Фаза полета воздушного судна,4,"Горизонтальный полет, максимальный встречный ветер (LVW)",,,,,Operational
bufr4/0/08/009/5,008009,Фаза полета воздушного судна,5,Восходящий (ASC),,,,,Operational
bufr4/0/08/009/6,008009,Фаза полета воздушного судна,6,Снижение (DES),,,,,Operational
bufr4/0/08/009/7,008009,Фаза полета воздушного судна,7,"Восходящий, интервалы наблюдения, выбранные по временным приращениям",,,,,Operational
bufr4/0/08/009/8,008009,Фаза полета воздушного судна,8,"Восходящий, интервалы наблюдения, выбранные по временным приращениям",,,,,Operational
bufr4/0/08/009/9,008009,Фаза полета воздушного судна,9,"Восходящий, интервалы наблюдения, выбранные по приращениям давления",,,,,Operational
bufr4/0/08/009/10,008009,Фаза полета воздушного судна,10,"Восходящий, интервалы наблюдения, выбранные по приращениям давления",,,,,Operational
bufr4/0/08/009/11,008009,Фаза полета воздушного судна,11,"Восходящий, интервалы наблюдения, выбранные по временным приращениям",,,,,Operational
bufr4/0/08/009/12,008009,Фаза полета воздушного судна,12,"Нисходящий, интервалы наблюдения, выбранные по временным приращениям, неустойчивый",,,,,Operational
bufr4/0/08/009/13,008009,Фаза полета воздушного судна,13,"Восходящий, интервалы наблюдения, выбранные по приращениям давления",,,,,Operational
bufr4/0/08/009/14,008009,Фаза полета воздушного судна,14,"Нисходящий, интервалы наблюдения, выбранные по временным приращениям, неустойчивый",,,,,Operational
bufr4/0/08/009/15,008009,Фаза полета воздушного судна,15,Отсутствующее значение,,,,,Operational
bufr4/0/08/010/0,008010,Квалификатор поверхности (данные о температуре),0,Зарезервировано,,,,,Operational
bufr4/0/08/010/1,008010,Квалификатор поверхности (данные о температуре),1,Открытая почва,,,,,Operational
bufr4/0/08/010/2,008010,Квалификатор поверхности (данные о температуре),2,Голая скала,,,,,Operational
bufr4/0/08/010/3,008010,Квалификатор поверхности (данные о температуре),3,Покров травяного покрова земли,,,,,Operational
bufr4/0/08/010/4,008010,Квалификатор поверхности (данные о температуре),4,"Вода (озеро, море)",,,,,Operational
bufr4/0/08/010/5,008010,Квалификатор поверхности (данные о температуре),5,Паводковая вода снизу,,,,,Operational
bufr4/0/08/010/6,008010,Квалификатор поверхности (данные о температуре),6,Снег,,,,,Operational
bufr4/0/08/010/7,008010,Квалификатор поверхности (данные о температуре),7,Ледовая обстановка,,,,,Operational
bufr4/0/08/010/8,008010,Квалификатор поверхности (данные о температуре),8,Взлетно-посадочная полоса или дорога,,,,,Operational
bufr4/0/08/010/9,008010,Квалификатор поверхности (данные о температуре),9,Судовая или платформенная палуба из стали,,,,,Operational
bufr4/0/08/010/10,008010,Квалификатор поверхности (данные о температуре),10,Судовая или платформенная палуба из стали,,,,,Operational
bufr4/0/08/010/11,008010,Квалификатор поверхности (данные о температуре),11,"Палуба корабля или платформы, частично покрытая резиновым ковриком",,,,,Operational
bufr4/0/08/010/12,008010,Квалификатор поверхности (данные о температуре),12,Крыша здания,,,,,Operational
bufr4/0/08/010/13-30,008010,Квалификатор поверхности (данные о температуре),13-30,Зарезервировано,,,,,Operational
bufr4/0/08/010/31,008010,Квалификатор поверхности (данные о температуре),31,Отсутствующее значение,,,,,Operational
bufr4/0/08/011/0,008011,Метеорологическая характеристика,0,Квази-стационарный фронт на поверхности,,,,,Operational
bufr4/0/08/011/1,008011,Метеорологическая характеристика,1,Квази-стационарный фронт на поверхности,,,,,Operational
bufr4/0/08/011/2,008011,Метеорологическая характеристика,2,Тёплый фронт на поверхности,,,,,Operational
bufr4/0/08/011/3,008011,Метеорологическая характеристика,3,Тёплый фронт на поверхности,,,,,Operational
bufr4/0/08/011/4,008011,Метеорологическая характеристика,4,Тёплый фронт на поверхности,,,,,Operational
bufr4/0/08/011/5,008011,Метеорологическая характеристика,5,Тёплый фронт на поверхности,,,,,Operational
bufr4/0/08/011/6,008011,Метеорологическая характеристика,6,Окклюзия,,,,,Operational
bufr4/0/08/011/7,008011,Метеорологическая характеристика,7,Линия нестабильности,,,,,Operational
bufr4/0/08/011/8,008011,Метеорологическая характеристика,8,Межтропический фронт,,,,,Operational
bufr4/0/08/011/9,008011,Метеорологическая характеристика,9,Линия схождения,,,,,Operational
bufr4/0/08/011/10,008011,Метеорологическая характеристика,10,Струяジェット,,,,,Operational
bufr4/0/08/011/11,008011,Метеорологическая характеристика,11,Облако ясное,,,,,Operational
bufr4/0/08/011/12,008011,Метеорологическая характеристика,12,Высокая облачность,,,,,Operational
bufr4/0/08/011/13,008011,Метеорологическая характеристика,13,Ветер и турбулентность,,,,,Operational
bufr4/0/08/011/14,008011,Метеорологическая характеристика,14,Шторм,,,,,Operational
bufr4/0/08/011/15,008011,Метеорологическая характеристика,15,Обледенение планера,,,,,Operational
bufr4/0/08/011/16,008011,Метеорологическая характеристика,16,Явление,,,,,Operational
bufr4/0/08/011/17,008011,Метеорологическая характеристика,17,Вулкан,,,,,Operational
bufr4/0/08/011/18,008011,Метеорологическая характеристика,18,Атмосферные явления,,,,,Operational
bufr4/0/08/011/19,008011,Метеорологическая характеристика,19,Зарезервировано,,,,,Operational
bufr4/0/08/011/20,008011,Метеорологическая характеристика,20,Особые облака,,,,,Operational
bufr4/0/08/011/21,008011,Метеорологическая характеристика,21,ГРОЗА,,,,,Operational
bufr4/0/08/011/22,008011,Метеорологическая характеристика,22,Тропический циклон,,,,,Operational
bufr4/0/08/011/23,008011,Метеорологическая характеристика,23,Горная волна,,,,,Operational
bufr4/0/08/011/24,008011,Метеорологическая характеристика,24,Пыльная буря,,,,,Operational
bufr4/0/08/011/25,008011,Метеорологическая характеристика,25,Песчаная буря,,,,,Operational
bufr4/0/08/011/26-62,008011,Метеорологическая характеристика,26-62,Зарезервировано,,,,,Operational
bufr4/0/08/011/63,008011,Метеорологическая характеристика,63,Отсутствующее значение,,,,,Operational
bufr4/0/08/012/0,008012,Квалификатор суша/море,0,Земля,,,,,Operational
bufr4/0/08/012/1,008012,Квалификатор суша/море,1,Море,,,,,Operational
bufr4/0/08/012/2,008012,Квалификатор суша/море,2,Побережье,,,,,Operational
bufr4/0/08/012/3,008012,Квалификатор суша/море,3,Отсутствующее значение,,,,,Operational
bufr4/0/08/013/0,008013,Дневной/ночной квалификатор,0,Ночь,,,,,Operational
bufr4/0/08/013/1,008013,Дневной/ночной квалификатор,1,День,,,,,Operational
bufr4/0/08/013/2,008013,Дневной/ночной квалификатор,2,Сумерки,,,,,Operational
bufr4/0/08/013/3,008013,Дневной/ночной квалификатор,3,Отсутствующее значение,,,,,Operational
bufr4/0/08/014/0,008014,Тенденция видимости на ВПП,0,10-минутное среднее значение - нормальное значение,,,,,Operational
bufr4/0/08/014/1,008014,Тенденция видимости на ВПП,1,10-минутное среднее значение - выше верхнего предела для оценки RVR (P),,,,,Operational
bufr4/0/08/014/2,008014,Тенденция видимости на ВПП,2,10-минутное среднее значение - выше верхнего предела для оценки RVR (P),,,,,Operational
bufr4/0/08/014/3,008014,Тенденция видимости на ВПП,3,Одноминутное минимальное значение - нормальное значение,,,,,Operational
bufr4/0/08/014/4,008014,Тенденция видимости на ВПП,4,10-минутное среднее значение - выше верхнего предела для оценки RVR (P),,,,,Operational
bufr4/0/08/014/5,008014,Тенденция видимости на ВПП,5,10-минутное среднее значение - выше верхнего предела для оценки RVR (P),,,,,Operational
bufr4/0/08/014/6,008014,Тенденция видимости на ВПП,6,Одноминутное минимальное значение - нормальное значение,,,,,Operational
bufr4/0/08/014/7,008014,Тенденция видимости на ВПП,7,10-минутное среднее значение - выше верхнего предела для оценки RVR (P),,,,,Operational
bufr4/0/08/014/8,008014,Тенденция видимости на ВПП,8,10-минутное среднее значение - выше верхнего предела для оценки RVR (P),,,,,Operational
bufr4/0/08/014/9-14,008014,Тенденция видимости на ВПП,9-14,Зарезервировано,,,,,Operational
bufr4/0/08/014/15,008014,Тенденция видимости на ВПП,15,Отсутствующее значение,,,,,Operational
bufr4/0/08/015/0,008015,Значительный квалификатор для датчика,0,Один датчик,,,,,Operational
bufr4/0/08/015/1,008015,Значительный квалификатор для датчика,1,Основной датчик,,,,,Operational
bufr4/0/08/015/2,008015,Значительный квалификатор для датчика,2,Вторичный датчик (Резервный),,,,,Operational
bufr4/0/08/015/3-6,008015,Значительный квалификатор для датчика,3-6,Зарезервировано,,,,,Operational
bufr4/0/08/015/7,008015,Значительный квалификатор для датчика,7,Отсутствующее значение,,,,,Operational
bufr4/0/08/016/0,008016,Изменить квалификатор прогноза типа тренда или прогноза аэродрома,0,БЕЗ ИЗМЕНЕНИЙ,,,,,Operational
bufr4/0/08/016/1,008016,Изменить квалификатор прогноза типа тренда или прогноза аэродрома,1,СТАНОВЯЩИЙСЯ,,,,,Operational
bufr4/0/08/016/2,008016,Изменить квалификатор прогноза типа тренда или прогноза аэродрома,2,ТЕМПО,,,,,Operational
bufr4/0/08/016/3,008016,Изменить квалификатор прогноза типа тренда или прогноза аэродрома,3,ФМ,,,,,Operational
bufr4/0/08/016/4-6,008016,Изменить квалификатор прогноза типа тренда или прогноза аэродрома,4-6,Зарезервировано,,,,,Operational
bufr4/0/08/016/7,008016,Изменить квалификатор прогноза типа тренда или прогноза аэродрома,7,Отсутствующее значение,,,,,Operational
bufr4/0/08/017/0,008017,"Квалификатор времени, когда ожидается изменение прогноза",0,ФМ,,,,,Operational
bufr4/0/08/017/1,008017,"Квалификатор времени, когда ожидается изменение прогноза",1,ТЗ,,,,,Operational
bufr4/0/08/017/2,008017,"Квалификатор времени, когда ожидается изменение прогноза",2,АТ,,,,,Operational
bufr4/0/08/017/3,008017,"Квалификатор времени, когда ожидается изменение прогноза",3,Отсутствующее значение,,,,,Operational
bufr4/0/08/018/1,008018,Тип поверхности суша/лед SEAWINDS,1,Земля,,,,,Operational
bufr4/0/08/018/2,008018,Тип поверхности суша/лед SEAWINDS,2,Карта поверхностного льда указывает на наличие льда.,,,,,Operational
bufr4/0/08/018/3-10,008018,Тип поверхности суша/лед SEAWINDS,3-10,Зарезервировано,,,,,Operational
bufr4/0/08/018/11,008018,Тип поверхности суша/лед SEAWINDS,11,Данные карты льда недоступны.,,,,,Operational
bufr4/0/08/018/12,008018,Тип поверхности суша/лед SEAWINDS,12,Данные карты ослабления недоступны,,,,,Operational
bufr4/0/08/018/13-16,008018,Тип поверхности суша/лед SEAWINDS,13-16,Зарезервировано,,,,,Operational
bufr4/0/08/018/All-17,008018,Тип поверхности суша/лед SEAWINDS,All 17,Отсутствующее значение,,,,,Operational
bufr4/0/08/019/0,008019,Квалификатор для следующего идентификатора центра,0,Зарезервировано,,,,,Operational
bufr4/0/08/019/1,008019,Квалификатор для следующего идентификатора центра,1,"Подразделение ОВД (Обслуживание Воздушного Движения), обслуживающее РПИ (Район Полетной Информации).",,,,,Operational
bufr4/0/08/019/2,008019,Квалификатор для следующего идентификатора центра,2,РПИ (Район полётной информации),,,,,Operational
bufr4/0/08/019/3,008019,Квалификатор для следующего идентификатора центра,3,ВВПР (Верхний район полетной информации),,,,,Operational
bufr4/0/08/019/4,008019,Квалификатор для следующего идентификатора центра,4,Зона управления (CTA),,,,,Operational
bufr4/0/08/019/5,008019,Квалификатор для следующего идентификатора центра,5,ВААЦ (Центр консультирования по вулканическому пеплу),,,,,Operational
bufr4/0/08/019/6,008019,Квалификатор для следующего идентификатора центра,6,МОС (Метеорологическое наблюдательное бюро) выпускает SIGMET,,,,,Operational
bufr4/0/08/019/7-14,008019,Квалификатор для следующего идентификатора центра,7-14,Зарезервировано,,,,,Operational
bufr4/0/08/019/15,008019,Квалификатор для следующего идентификатора центра,15,Отсутствующее значение,,,,,Operational
bufr4/0/08/021/0,008021,Значение времени,0,Зарезервировано,,,,,Operational
bufr4/0/08/021/1,008021,Значение времени,1,Временной ряд,,,,,Operational
bufr4/0/08/021/2,008021,Значение времени,2,Усреднённое по времени,,,(см. Примечание 3),4,Operational
bufr4/0/08/021/3,008021,Значение времени,3,Накопленный,,,,,Operational
bufr4/0/08/021/4,008021,Значение времени,4,Прогноз,,,,,Operational
bufr4/0/08/021/5,008021,Значение времени,5,Прогноз,,,,,Operational
bufr4/0/08/021/6,008021,Значение времени,6,Прогнозное время усреднённое по времени,,,,,Operational
bufr4/0/08/021/7,008021,Значение времени,7,Прогноз,,,,,Operational
bufr4/0/08/021/8,008021,Значение времени,8,Среднее ансамбля,,,(см. Примечание 3),3,Operational
bufr4/0/08/021/9,008021,Значение времени,9,Среднее ансамбля,,,,,Operational
bufr4/0/08/021/10,008021,Значение времени,10,Усреднённое по времени ансамблевое среднее,,,,,Operational
bufr4/0/08/021/11,008021,Значение времени,11,Среднее ансамбля,,,,,Operational
bufr4/0/08/021/12,008021,Значение времени,12,Среднее ансамбля,,,,,Operational
bufr4/0/08/021/13,008021,Значение времени,13,Прогноз временного ряда среднего ансамбля,,,,,Operational
bufr4/0/08/021/14,008021,Значение времени,14,Усреднённое по времени ансамблевое среднее,,,,,Operational
bufr4/0/08/021/15,008021,Значение времени,15,Прогноз временного ряда среднего ансамбля,,,,,Operational
bufr4/0/08/021/16,008021,Значение времени,16,Анализ,,,,,Operational
bufr4/0/08/021/17,008021,Значение времени,17,Начало явления,,,,,Operational
bufr4/0/08/021/18,008021,Значение времени,18,Время запуска радиозонда,,,,,Operational
bufr4/0/08/021/19,008021,Значение времени,19,Начало орбиты,,,,,Operational
bufr4/0/08/021/20,008021,Значение времени,20,Конец орбиты,,,,,Operational
bufr4/0/08/021/21,008021,Значение времени,21,Время восходящего узла,,,,,Operational
bufr4/0/08/021/22,008021,Значение времени,22,Время возникновения изменения направления ветра,,,,,Operational
bufr4/0/08/021/23,008021,Значение времени,23,Период мониторинга,,,,,Operational
bufr4/0/08/021/24,008021,Значение времени,24,Согласованный срок получения отчета,,,,,Operational
bufr4/0/08/021/25,008021,Значение времени,25,Номинальное время отчета,,,,,Operational
bufr4/0/08/021/26,008021,Значение времени,26,Время последнего известного местоположения,,,,,Operational
bufr4/0/08/021/27,008021,Значение времени,27,Первая догадка,,,,,Operational
bufr4/0/08/021/28,008021,Значение времени,28,Начало сканирования,,,,,Operational
bufr4/0/08/021/29,008021,Значение времени,29,Окончание сканирования или время завершения.,,,,,Operational
bufr4/0/08/021/30,008021,Значение времени,30,Время возникновения,,,,,Operational
bufr4/0/08/021/31,008021,Значение времени,31,Отсутствующее значение,,,,,Operational
bufr4/0/08/023/0-1,008023,Статистические значения первого порядка следующие,0-1,Зарезервировано,,,,,Operational
bufr4/0/08/023/2,008023,Статистические значения первого порядка следующие,2,Максимальное значение,,,,,Operational
bufr4/0/08/023/3,008023,Статистические значения первого порядка следующие,3,Минимальное значение,,,,,Operational
bufr4/0/08/023/4,008023,Статистические значения первого порядка следующие,4,Среднее значение,,,,,Operational
bufr4/0/08/023/5,008023,Статистические значения первого порядка следующие,5,Медианное значение,,,,,Operational
bufr4/0/08/023/6,008023,Статистические значения первого порядка следующие,6,Модальное значение,,,,,Operational
bufr4/0/08/023/7,008023,Статистические значения первого порядка следующие,7,Средняя абсолютная ошибка,,,,,Operational
bufr4/0/08/023/8,008023,Статистические значения первого порядка следующие,8,Зарезервировано,,,,,Operational
bufr4/0/08/023/9,008023,Статистические значения первого порядка следующие,9,Наилучшая оценка стандартного отклонения (N-1),,,,,Operational
bufr4/0/08/023/10,008023,Статистические значения первого порядка следующие,10,Стандартное отклонение (N),,,,,Operational
bufr4/0/08/023/11,008023,Статистические значения первого порядка следующие,11,Среднее гармоническое,,,,,Operational
bufr4/0/08/023/12,008023,Статистические значения первого порядка следующие,12,Среднеквадратическая ошибка вектора,,,,,Operational
bufr4/0/08/023/13,008023,Статистические значения первого порядка следующие,13,Среднеквадратичное значение,,,,,Operational
bufr4/0/08/023/14,008023,Статистические значения первого порядка следующие,14,Среднеквадратичное значение,,,,,Operational
bufr4/0/08/023/15-31,008023,Статистические значения первого порядка следующие,15-31,Зарезервировано,,,,,Operational
bufr4/0/08/023/32,008023,Статистические значения первого порядка следующие,32,Векторное среднее,,,,,Operational
bufr4/0/08/023/33-62,008023,Статистические значения первого порядка следующие,33-62,Зарезервировано для местного использования,,,,,Operational
bufr4/0/08/023/63,008023,Статистические значения первого порядка следующие,63,Отсутствующее значение,,,,,Operational
bufr4/0/08/024/0-1,008024,Статистика различий,0-1,Зарезервировано,,,,,Operational
bufr4/0/08/024/2,008024,Статистика различий,2,Наблюдаемое минус максимальное,,,,,Operational
bufr4/0/08/024/3,008024,Статистика различий,3,Наблюдаемое минус минимальное,,,,,Operational
bufr4/0/08/024/4,008024,Статистика различий,4,Наблюдаемое минус среднее,,,,,Operational
bufr4/0/08/024/5,008024,Статистика различий,5,Наблюдаемое минус медианное,,,,,Operational
bufr4/0/08/024/6,008024,Статистика различий,6,Наблюдаемое минус мода,,,,,Operational
bufr4/0/08/024/7-10,008024,Статистика различий,7-10,Зарезервировано,,,,,Operational
bufr4/0/08/024/11,008024,Статистика различий,11,Наблюдаемое минус климатология (аномалия),,,,,Operational
bufr4/0/08/024/12,008024,Статистика различий,12,Наблюдаемое минус анализируемое значение,,,,,Operational
bufr4/0/08/024/13,008024,Статистика различий,13,Наблюдаемое минус анализируемое значение,,,,,Operational
bufr4/0/08/024/14,008024,Статистика различий,14,Наблюдаемое минус прогнозируемое значение,,,(см. Примечание 3),93,Operational
bufr4/0/08/024/15-20,008024,Статистика различий,15-20,Зарезервировано,,,,,Operational
bufr4/0/08/024/21,008024,Статистика различий,21,Наблюдаемое минус интерполированное значение,,,,,Operational
bufr4/0/08/024/22,008024,Статистика различий,22,Наблюдаемое значение минус гидростатически рассчитанное значение,,,,,Operational
bufr4/0/08/024/23-31,008024,Статистика различий,23-31,Зарезервировано,,,,,Operational
bufr4/0/08/024/32-62,008024,Статистика различий,32-62,Зарезервировано для местного использования,,,,,Operational
bufr4/0/08/024/63,008024,Статистика различий,63,Отсутствующее значение,,,,,Operational
bufr4/0/08/025/0,008025,Квалификатор разницы во времени,0,Всемирное координированное время (UTC) минус местное стандартное время (LST),,,,,Operational
bufr4/0/08/025/1,008025,Квалификатор разницы во времени,1,Местное стандартное время,,,,,Operational
bufr4/0/08/025/2,008025,Квалификатор разницы во времени,2,Всемирное координированное время (UTC) минус местное стандартное время (LST),,,,,Operational
bufr4/0/08/025/3-4,008025,Квалификатор разницы во времени,3-4,Зарезервировано,,,,,Operational
bufr4/0/08/025/5,008025,Квалификатор разницы во времени,5,Разница во времени от края обрабатываемого сегмента,,,,,Operational
bufr4/0/08/025/6-14,008025,Квалификатор разницы во времени,6-14,Зарезервировано,,,,,Operational
bufr4/0/08/025/15,008025,Квалификатор разницы во времени,15,Отсутствующее значение,,,,,Operational
bufr4/0/08/026/0,008026,Значение матрицы,0,Матрица усредняющего ядра,,,,,Operational
bufr4/0/08/026/1,008026,Значение матрицы,1,Матрица корреляции (C),,,,,Operational
bufr4/0/08/026/2,008026,Значение матрицы,2,Нижнетреугольный корень корреляционной матрицы (L из C=LLT),,,,,Operational
bufr4/0/08/026/3,008026,Значение матрицы,3,Обратный нижнетреугольный корень корреляционной матрицы (L-1),,,,,Operational
bufr4/0/08/026/4-42,008026,Значение матрицы,4-42,Зарезервировано,,,,,Operational
bufr4/0/08/026/43-62,008026,Значение матрицы,43-62,Зарезервировано для местного использования,,,,,Operational
bufr4/0/08/026/63,008026,Значение матрицы,63,Отсутствие или неопределённое значение,,,,,Operational
bufr4/0/08/027/0,008027,Тип измерения аномалии высоты уровня моря,0,"Нефильтрованное сырое измерение, включая шумы",,,,,Operational
bufr4/0/08/027/1,008027,Тип измерения аномалии высоты уровня моря,1,Отфильтрованная по низким частотам высота поверхности моря для уменьшения шума,,,,,Operational
bufr4/0/08/027/2-254,008027,Тип измерения аномалии высоты уровня моря,2-254,Зарезервировано,,,,,Operational
bufr4/0/08/027/255,008027,Тип измерения аномалии высоты уровня моря,255,Отсутствующее значение,,,,,Operational
bufr4/0/08/029/0,008029,Поверхность,0,Открытый океан или полузамкнутое море,,,,,Operational
bufr4/0/08/029/1,008029,Поверхность,1,Замкнутое море или озеро,,,,,Operational
bufr4/0/08/029/2,008029,Поверхность,2,Континентальный лед,,,,,Operational
bufr4/0/08/029/3,008029,Поверхность,3,Земля,,,,,Operational
bufr4/0/08/029/4,008029,Поверхность,4,Низменная внутренняя территория (ниже уровня моря),,,,,Operational
bufr4/0/08/029/5,008029,Поверхность,5,Смесь суши и воды,,,,,Operational
bufr4/0/08/029/6,008029,Поверхность,6,Смесь суши и низменных внутренних районов,,,,,Operational
bufr4/0/08/029/7-10,008029,Поверхность,7-10,Зарезервировано,,,,,Operational
bufr4/0/08/029/11,008029,Поверхность,11,Река,,,,,Operational
bufr4/0/08/029/12,008029,Поверхность,12,Озеро,,,,,Operational
bufr4/0/08/029/13,008029,Поверхность,13,Море,,,,,Operational
bufr4/0/08/029/14,008029,Поверхность,14,Ледник,,,,,Operational
bufr4/0/08/029/15,008029,Поверхность,15,Городская земля,,,,,Operational
bufr4/0/08/029/16,008029,Поверхность,16,Сельская земля,,,,,Operational
bufr4/0/08/029/17,008029,Поверхность,17,Пригородная земля,,,,,Operational
bufr4/0/08/029/18,008029,Поверхность,18,Морской лед,,,,,Operational
bufr4/0/08/029/19,008029,Поверхность,19,Лес,,,,,Operational
bufr4/0/08/029/20,008029,Поверхность,20,Кустарниковые заросли,,,,,Operational
bufr4/0/08/029/21,008029,Поверхность,21,Саванна,,,,,Operational
bufr4/0/08/029/22,008029,Поверхность,22,Пустыня,,,,,Operational
bufr4/0/08/029/23,008029,Поверхность,23,Луговые экосистемы,,,,,Operational
bufr4/0/08/029/24,008029,Поверхность,24,Водно-болотные угодья,,,,,Operational
bufr4/0/08/029/25,008029,Поверхность,25,Снег,,,,,Operational
bufr4/0/08/029/26,008029,Поверхность,26,Побережье,,,,,Operational
bufr4/0/08/029/27-254,008029,Поверхность,27-254,Зарезервировано,,,,,Operational
bufr4/0/08/029/255,008029,Поверхность,255,Отсутствующее значение,,,,,Operational
bufr4/0/08/032/0,008032,Статус операции,0,Рутинная операция,,,,,Operational
bufr4/0/08/032/1,008032,Статус операции,1,"Событие, вызванное штормовым нагоном.",,,,,Operational
bufr4/0/08/032/2,008032,Статус операции,2,"Событие, вызванное цунами",,,,,Operational
bufr4/0/08/032/3,008032,Статус операции,3,Событие запущено вручную,,,,,Operational
bufr4/0/08/032/4,008032,Статус операции,4,Тестирование установки,,,,,Operational
bufr4/0/08/032/5,008032,Статус операции,5,Техническое обслуживание и тестирование,,,,,Operational
bufr4/0/08/032/6-14,008032,Статус операции,6-14,Зарезервировано,,,,,Operational
bufr4/0/08/032/15,008032,Статус операции,15,Отсутствующее значение,,,,,Operational
bufr4/0/08/033/0,008033,Метод вывода процента уверенности,0,Зарезервировано,,,,,Operational
bufr4/0/08/033/1,008033,Метод вывода процента уверенности,1,"Процентная уверенность, рассчитанная с использованием облачной фракции",,,,,Operational
bufr4/0/08/033/2,008033,Метод вывода процента уверенности,2,"Процент уверенности, рассчитанный с использованием стандартного отклонения температуры",,,,,Operational
bufr4/0/08/033/3,008033,Метод вывода процента уверенности,3,"Процентная уверенность, рассчитанная с использованием вероятности загрязнения облаками",,,,,Operational
bufr4/0/08/033/4,008033,Метод вывода процента уверенности,4,"Процент уверенности, рассчитанный с использованием нормальности распределения",,,,,Operational
bufr4/0/08/033/5-126,008033,Метод вывода процента уверенности,5-126,Зарезервировано,,,,,Operational
bufr4/0/08/033/127,008033,Метод вывода процента уверенности,127,Отсутствующее значение,,,,,Operational
bufr4/0/08/034/0,008034,Квалификатор измерения температуры/солености,0,Вторичная выборка: усреднённая,,,,,Operational
bufr4/0/08/034/1,008034,Квалификатор измерения температуры/солености,1,Вторичная выборка: дискретная,,,,,Operational
bufr4/0/08/034/2,008034,Квалификатор измерения температуры/солености,2,Вторичная выборка: смешанная,,,,,Operational
bufr4/0/08/034/3,008034,Квалификатор измерения температуры/солености,3,"Отбор проб с поверхности: усреднённый, прокачанный",,,,,Operational
bufr4/0/08/034/4,008034,Квалификатор измерения температуры/солености,4,"Отбор проб с поверхности: усреднённый, прокачанный",,,,,Operational
bufr4/0/08/034/5,008034,Квалификатор измерения температуры/солености,5,"Отбор проб с поверхности: усреднённый, прокачанный",,,,,Operational
bufr4/0/08/034/6,008034,Квалификатор измерения температуры/солености,6,"Отбор проб с поверхности: усреднённый, прокачанный",,,,,Operational
bufr4/0/08/034/7,008034,Квалификатор измерения температуры/солености,7,"Отбор проб с поверхности: усреднённый, прокачанный",,,,,Operational
bufr4/0/08/034/8,008034,Квалификатор измерения температуры/солености,8,"Отбор проб с поверхности: усреднённый, прокачанный",,,,,Operational
bufr4/0/08/034/9-14,008034,Квалификатор измерения температуры/солености,9-14,Зарезервировано,,,,,Operational
bufr4/0/08/034/15,008034,Квалификатор измерения температуры/солености,15,Отсутствующее значение,,,,,Operational
bufr4/0/08/035/0,008035,Тип упражнения по мониторингу,0,Глобальный,,,,,Operational
bufr4/0/08/035/1,008035,Тип упражнения по мониторингу,1,Региональный,,,,,Operational
bufr4/0/08/035/2,008035,Тип упражнения по мониторингу,2,Национальный,,,,,Operational
bufr4/0/08/035/3,008035,Тип упражнения по мониторингу,3,Специальный,,,,,Operational
bufr4/0/08/035/4,008035,Тип упражнения по мониторингу,4,Двусторонний,,,,,Operational
bufr4/0/08/035/5,008035,Тип упражнения по мониторингу,5,Зарезервировано,,,,,Operational
bufr4/0/08/035/6,008035,Тип упражнения по мониторингу,6,Зарезервировано,,,,,Operational
bufr4/0/08/035/7,008035,Тип упражнения по мониторингу,7,Отсутствующее значение,,,,,Operational
bufr4/0/08/036/0,008036,"Тип центра или станции, выполняющей мониторинг",0,Секретариат ВМО,,,,,Operational
bufr4/0/08/036/1,008036,"Тип центра или станции, выполняющей мониторинг",1,ВМО,,,,,Operational
bufr4/0/08/036/2,008036,"Тип центра или станции, выполняющей мониторинг",2,РСМЦ,,,,,Operational
bufr4/0/08/036/3,008036,"Тип центра или станции, выполняющей мониторинг",3,НМС,,,,,Operational
bufr4/0/08/036/4,008036,"Тип центра или станции, выполняющей мониторинг",4,РТХ,,,,,Operational
bufr4/0/08/036/5,008036,"Тип центра или станции, выполняющей мониторинг",5,Место наблюдения,,,,,Operational
bufr4/0/08/036/6,008036,"Тип центра или станции, выполняющей мониторинг",6,Другое,,,,,Operational
bufr4/0/08/036/7,008036,"Тип центра или станции, выполняющей мониторинг",7,Отсутствующее значение,,,,,Operational
bufr4/0/08/037/0,008037,Значимость проверки базового уровня,0,Базовый контрольный блок производителя,,,,,Operational
bufr4/0/08/037/1,008037,Значимость проверки базового уровня,1,Экран погоды,,,,,Operational
bufr4/0/08/037/2,008037,Значимость проверки базового уровня,2,Стандартная камера влажности GRUAN,,,,,Operational
bufr4/0/08/037/3-30,008037,Значимость проверки базового уровня,3-30,Зарезервировано,,,,,Operational
bufr4/0/08/037/31,008037,Значимость проверки базового уровня,31,Отсутствующее значение,,,,,Operational
bufr4/0/08/038/0,008038,Значимость данных инструмента,0,Проверенное показание прибора,,,,,Operational
bufr4/0/08/038/1,008038,Значимость данных инструмента,1,Показание эталонного прибора,,,,,Operational
bufr4/0/08/038/2-254,008038,Значимость данных инструмента,2-254,Зарезервировано,,,,,Operational
bufr4/0/08/038/255,008038,Значимость данных инструмента,255,Отсутствующее значение,,,,,Operational
bufr4/0/08/039/0,008039,Значение времени (Прогноз авиации),0,Время выпуска прогноза,,,,,Operational
bufr4/0/08/039/1,008039,Значение времени (Прогноз авиации),1,Время начала периода прогноза,,,,,Operational
bufr4/0/08/039/2,008039,Значение времени (Прогноз авиации),2,Время начала периода прогноза,,,,,Operational
bufr4/0/08/039/3,008039,Значение времени (Прогноз авиации),3,Время прогноза максимальной температуры,,,,,Operational
bufr4/0/08/039/4,008039,Значение времени (Прогноз авиации),4,Время прогноза минимальной температуры,,,,,Operational
bufr4/0/08/039/5,008039,Значение времени (Прогноз авиации),5,Время начала периода прогноза,,,,,Operational
bufr4/0/08/039/6,008039,Значение времени (Прогноз авиации),6,Время окончания изменения прогноза,,,,,Operational
bufr4/0/08/039/7-62,008039,Значение времени (Прогноз авиации),7-62,Зарезервировано,,,,,Operational
bufr4/0/08/039/63,008039,Значение времени (Прогноз авиации),63,Отсутствующее значение,,,,,Operational
bufr4/0/08/040/0,008040,Значение эшелона полета,0,Образец данных высокого разрешения,,,,,Operational
bufr4/0/08/040/1,008040,Значение эшелона полета,1,В пределах 20 гПа от поверхности,,,,,Operational
bufr4/0/08/040/2,008040,Значение эшелона полета,2,"Давление менее 10 гПа (т.е. 9, 8, 7 и т.д.), если нет других причин.",,,,,Operational
bufr4/0/08/040/3,008040,Значение эшелона полета,3,Базовый уровень давления для индекса стабильности,,,,,Operational
bufr4/0/08/040/4,008040,Значение эшелона полета,4,"Начальная сомнительная температура, данные о высоте",,,,,Operational
bufr4/0/08/040/5,008040,Значение эшелона полета,5,Начать отсутствие данных (все элементы),,,,,Operational
bufr4/0/08/040/6,008040,Значение эшелона полета,6,Начало отсутствия данных об относительной влажности,,,,,Operational
bufr4/0/08/040/7,008040,Значение эшелона полета,7,Начать отсутствующие данные о температуре,,,,,Operational
bufr4/0/08/040/8,008040,Значение эшелона полета,8,"Максимальная высота, достигнутая перед снижением воздушного шара из-за обледенения или турбулентности.",,,,,Operational
bufr4/0/08/040/9,008040,Значение эшелона полета,9,"Начальная сомнительная температура, данные о высоте",,,,,Operational
bufr4/0/08/040/10,008040,Значение эшелона полета,10,Начать отсутствие данных (все элементы),,,,,Operational
bufr4/0/08/040/11,008040,Значение эшелона полета,11,Начало отсутствия данных об относительной влажности,,,,,Operational
bufr4/0/08/040/12,008040,Значение эшелона полета,12,Начать отсутствующие данные о температуре,,,,,Operational
bufr4/0/08/040/13,008040,Значение эшелона полета,13,Пересечение(я) нуля градусов Цельсия для RADAT,,,,,Operational
bufr4/0/08/040/14,008040,Значение эшелона полета,14,Стандартный уровень давления,,,,,Operational
bufr4/0/08/040/15,008040,Значение эшелона полета,15,"Уровень, добавленный оператором",,,,,Operational
bufr4/0/08/040/16,008040,Значение эшелона полета,16,"Уровень, удаленный оператором",,,,,Operational
bufr4/0/08/040/17,008040,Значение эшелона полета,17,Воздушный шар снова поднялся выше предыдущего максимального уровня подъема.,,,,,Operational
bufr4/0/08/040/18,008040,Значение эшелона полета,18,Относительная влажность,,,,,Operational
bufr4/0/08/040/19,008040,Значение эшелона полета,19,Выбор уровня относительной влажности завершён,,,,,Operational
bufr4/0/08/040/20,008040,Значение эшелона полета,20,Уровень поверхности,,,,,Operational
bufr4/0/08/040/21,008040,Значение эшелона полета,21,Значительный уровень температуры,,,,,Operational
bufr4/0/08/040/22,008040,Значение эшелона полета,22,Обязательный уровень температуры,,,,,Operational
bufr4/0/08/040/23,008040,Значение эшелона полета,23,Уровень прекращения полета,,,,,Operational
bufr4/0/08/040/24,008040,Значение эшелона полета,24,Уровень тропопаузы,,,,,Operational
bufr4/0/08/040/25,008040,Значение эшелона полета,25,Отчет о воздушном судне,,,,,Operational
bufr4/0/08/040/26,008040,Значение эшелона полета,26,Интерполированный (сгенерированный) уровень,,,,,Operational
bufr4/0/08/040/27,008040,Значение эшелона полета,27,Обязательный уровень ветра,,,,,Operational
bufr4/0/08/040/28,008040,Значение эшелона полета,28,"Значительный уровень, ветер",,,,,Operational
bufr4/0/08/040/29,008040,Значение эшелона полета,29,Расположение максимального ветра,,,,,Operational
bufr4/0/08/040/30,008040,Значение эшелона полета,30,Инкрементальный уровень ветра (фиксированный региональный),,,,,Operational
bufr4/0/08/040/31,008040,Значение эшелона полета,31,Инкрементальный уровень высоты (сгенерированный),,,,,Operational
bufr4/0/08/040/32,008040,Значение эшелона полета,32,Уровень завершения ветра,,,,,Operational
bufr4/0/08/040/33,008040,Значение эшелона полета,33,"Давление от 100 до 110 гПа, если нет других причин.",,,,,Operational
bufr4/0/08/040/34,008040,Значение эшелона полета,34,Уровень основания замерзания,,,,,Operational
bufr4/0/08/040/35,008040,Значение эшелона полета,35,Уровень основания замерзания,,,,,Operational
bufr4/0/08/040/36,008040,Значение эшелона полета,36,Базовый эшелон полёта,,,,,Operational
bufr4/0/08/040/37,008040,Значение эшелона полета,37,Базовый эшелон полёта,,,,,Operational
bufr4/0/08/040/38,008040,Значение эшелона полета,38,Вершина зондирования ветра,,,,,Operational
bufr4/0/08/040/39,008040,Значение эшелона полета,39,Вершина зондирования ветра,,,,,Operational
bufr4/0/08/040/40,008040,Значение эшелона полета,40,Значительный термодинамический уровень (инверсия),,,,,Operational
bufr4/0/08/040/41,008040,Значение эшелона полета,41,Значительный уровень относительной влажности (согласно критериям NCDC),,,,,Operational
bufr4/0/08/040/42,008040,Значение эшелона полета,42,Значительный уровень температуры,,,,,Operational
bufr4/0/08/040/43,008040,Значение эшелона полета,43,Начать отсутствующие данные о ветре,,,,,Operational
bufr4/0/08/040/44,008040,Значение эшелона полета,44,Начать отсутствующие данные о ветре,,,,,Operational
bufr4/0/08/040/45-59,008040,Значение эшелона полета,45-59,Зарезервировано,,,,,Operational
bufr4/0/08/040/60,008040,Значение эшелона полета,60,Уровень изотахи 80 узлов над струйным течением,,,,,Operational
bufr4/0/08/040/61,008040,Значение эшелона полета,61,Уровень изотахи 80 узлов над струйным течением,,,,,Operational
bufr4/0/08/040/62,008040,Значение эшелона полета,62,Другое,,,,,Operational
bufr4/0/08/040/63,008040,Значение эшелона полета,63,Отсутствующее значение,,,,,Operational
bufr4/0/08/041/0,008041,Значимость данных,0,Родительский сайт,,,,,Operational
bufr4/0/08/041/1,008041,Значимость данных,1,Место наблюдения,,,,,Operational
bufr4/0/08/041/2,008041,Значимость данных,2,Дата изготовления воздушного шара,,,,,Operational
bufr4/0/08/041/3,008041,Значимость данных,3,Точка запуска воздушного шара,,,,,Operational
bufr4/0/08/041/4,008041,Значимость данных,4,Поверхностное наблюдение,,,,,Operational
bufr4/0/08/041/5,008041,Значимость данных,5,Смещение поверхности от точки запуска,,,,,Operational
bufr4/0/08/041/6,008041,Значимость данных,6,Значение эшелона полета,,,,,Operational
bufr4/0/08/041/7,008041,Значимость данных,7,Уровень прекращения полета,,,,,Operational
bufr4/0/08/041/8,008041,Значимость данных,8,Потолок и видимость по ППП,,,,,Operational
bufr4/0/08/041/9,008041,Значимость данных,9,Заслонение гор.,,,,,Operational
bufr4/0/08/041/10,008041,Значимость данных,10,Сильный приземный ветер,,,,,Operational
bufr4/0/08/041/11,008041,Значимость данных,11,Уровень основания замерзания,,,,,Operational
bufr4/0/08/041/12,008041,Значимость данных,12,Множественный уровень замерзания,,,,,Operational
bufr4/0/08/041/13,008041,Значимость данных,13,Дата изготовления инструмента,,,,,Operational
bufr4/0/08/041/14,008041,Значимость данных,14,Получено из поляризации,,,,,Operational
bufr4/0/08/041/15-30,008041,Значимость данных,15-30,Зарезервировано,,,,,Operational
bufr4/0/08/041/31,008041,Значимость данных,31,Отсутствующее значение,,,,,Operational
bufr4/0/08/042/1,008042,Значение вертикального зондирования,1,Поверхность,,,,,Operational
bufr4/0/08/042/2,008042,Значение вертикального зондирования,2,Стандартный уровень,,,,,Operational
bufr4/0/08/042/3,008042,Значение вертикального зондирования,3,Уровень тропопаузы,,,,,Operational
bufr4/0/08/042/4,008042,Значение вертикального зондирования,4,Расположение максимального ветра,,,,,Operational
bufr4/0/08/042/5,008042,Значение вертикального зондирования,5,Значительный уровень температуры,,,,,Operational
bufr4/0/08/042/6,008042,Значение вертикального зондирования,6,"Значительный уровень, температура и/или относительная влажность",,,,,Operational
bufr4/0/08/042/7,008042,Значение вертикального зондирования,7,"Значительный уровень, ветер",,,,,Operational
bufr4/0/08/042/8,008042,Значение вертикального зондирования,8,Начать отсутствующие данные о температуре,,,,,Operational
bufr4/0/08/042/9,008042,Значение вертикального зондирования,9,Начать отсутствующие данные о температуре,,,,,Operational
bufr4/0/08/042/10,008042,Значение вертикального зондирования,10,Начало отсутствия данных об относительной влажности,,,,,Operational
bufr4/0/08/042/11,008042,Значение вертикального зондирования,11,Начало отсутствия данных об относительной влажности,,,,,Operational
bufr4/0/08/042/12,008042,Значение вертикального зондирования,12,Начать отсутствующие данные о ветре,,,,,Operational
bufr4/0/08/042/13,008042,Значение вертикального зондирования,13,Начать отсутствующие данные о ветре,,,,,Operational
bufr4/0/08/042/14,008042,Значение вертикального зондирования,14,Вершина зондирования ветра,,,,,Operational
bufr4/0/08/042/15,008042,Значение вертикального зондирования,15,Уровень определяется региональным решением,,,,,Operational
bufr4/0/08/042/16,008042,Значение вертикального зондирования,16,Множественный уровень замерзания,,,(см. Примечание),41,Operational
bufr4/0/08/042/17,008042,Значение вертикального зондирования,17,"Уровень давления, изначально указанный высотой как вертикальной координатой.",,,,,Operational
bufr4/0/08/042/All-18,008042,Значение вертикального зондирования,All 18,Отсутствующее значение,,,,,Operational
bufr4/0/08/043/0,008043,Тип атмосферного химического или физического компонента,0,Озон,О3,10028-15-6,,,Operational
bufr4/0/08/043/1,008043,Тип атмосферного химического или физического компонента,1,Водяной пар,H2O,7732-18-5,,,Operational
bufr4/0/08/043/2,008043,Тип атмосферного химического или физического компонента,2,Метан,ЧХ4,74-82-8,,,Operational
bufr4/0/08/043/3,008043,Тип атмосферного химического или физического компонента,3,Диоксид углерода,Диоксид углерода,124-38-9,,,Operational
bufr4/0/08/043/4,008043,Тип атмосферного химического или физического компонента,4,Угарный газ,СО,630-08-0,,,Operational
bufr4/0/08/043/5,008043,Тип атмосферного химического или физического компонента,5,Диоксид азота,NO2,10102-44-0,,,Operational
bufr4/0/08/043/6,008043,Тип атмосферного химического или физического компонента,6,Закись азота,N2O,10028-15-6,,,Operational
bufr4/0/08/043/7,008043,Тип атмосферного химического или физического компонента,7,Формальдегид,Формальдегид,50-00-0,,,Operational
bufr4/0/08/043/8,008043,Тип атмосферного химического или физического компонента,8,Диоксид серы,SO2,7446-09-5,,,Operational
bufr4/0/08/043/9,008043,Тип атмосферного химического или физического компонента,9,Диоксид серы,,,,,Operational
bufr4/0/08/043/10-24,008043,Тип атмосферного химического или физического компонента,10-24,Зарезервировано,,,,,Operational
bufr4/0/08/043/25,008043,Тип атмосферного химического или физического компонента,25,"Твердые частицы < 1,0 микрона",,,,,Operational
bufr4/0/08/043/26,008043,Тип атмосферного химического или физического компонента,26,"Твердые частицы < 1,0 микрона",,,,,Operational
bufr4/0/08/043/27,008043,Тип атмосферного химического или физического компонента,27,"Твердые частицы < 1,0 микрона",,,,,Operational
bufr4/0/08/043/28,008043,Тип атмосферного химического или физического компонента,28,Аэрозоли (общие),,,,,Operational
bufr4/0/08/043/29,008043,Тип атмосферного химического или физического компонента,29,Дым (общий),,,,,Operational
bufr4/0/08/043/30,008043,Тип атмосферного химического или физического компонента,30,Коровая материя (обычная пыль),,,,,Operational
bufr4/0/08/043/31,008043,Тип атмосферного химического или физического компонента,31,"Вулканический пепел, взвешенный в воздухе на высоте.",,,,,Operational
bufr4/0/08/043/32,008043,Тип атмосферного химического или физического компонента,32,Высокая облачность,,,,,Operational
bufr4/0/08/043/33,008043,Тип атмосферного химического или физического компонента,33,Облако и аэрозоли,,,,,Operational
bufr4/0/08/043/34-200,008043,Тип атмосферного химического или физического компонента,34-200,Зарезервировано,,,,,Operational
bufr4/0/08/043/201-254,008043,Тип атмосферного химического или физического компонента,201-254,Зарезервировано для местного использования,,,,,Operational
bufr4/0/08/043/255,008043,Тип атмосферного химического или физического компонента,255,Отсутствующее значение,,,,,Operational
bufr4/0/08/045/0,008045,Характер твердых частиц,0,Аэрозоли (общие),,,,,Operational
bufr4/0/08/045/1,008045,Характер твердых частиц,1,Пыль,,,,,Operational
bufr4/0/08/045/2,008045,Характер твердых частиц,2,Чёрный углерод,,,,,Operational
bufr4/0/08/045/3,008045,Характер твердых частиц,3,Морская соль,,,,,Operational
bufr4/0/08/045/4-254,008045,Характер твердых частиц,4-254,Зарезервировано,,,,,Operational
bufr4/0/08/045/255,008045,Характер твердых частиц,255,Отсутствующее значение,,,,,Operational
bufr4/0/08/046,008046,Тип атмосферного химического или физического компонента,,,,,(См. таблицу Общего кода C–14 в Части C/c.),,Operational
bufr4/0/08/050/0,008050,Квалификатор для количества отсутствующих значений при расчете статистики,0,Зарезервировано,,,,,Operational
bufr4/0/08/050/1,008050,Квалификатор для количества отсутствующих значений при расчете статистики,1,Давление,,,,,Operational
bufr4/0/08/050/2,008050,Квалификатор для количества отсутствующих значений при расчете статистики,2,Температура/температура воздуха,,,,,Operational
bufr4/0/08/050/3,008050,Квалификатор для количества отсутствующих значений при расчете статистики,3,Экстремальная температура,,,,,Operational
bufr4/0/08/050/4,008050,Квалификатор для количества отсутствующих значений при расчете статистики,4,Давление пара,,,,,Operational
bufr4/0/08/050/5,008050,Квалификатор для количества отсутствующих значений при расчете статистики,5,ОСАДКИ,,,,,Operational
bufr4/0/08/050/6,008050,Квалификатор для количества отсутствующих значений при расчете статистики,6,Продолжительность солнечного сияния,,,,,Operational
bufr4/0/08/050/7,008050,Квалификатор для количества отсутствующих значений при расчете статистики,7,Максимальная температура на высоте 2 м,,,,,Operational
bufr4/0/08/050/8,008050,Квалификатор для количества отсутствующих значений при расчете статистики,8,Минимальная температура,,,,,Operational
bufr4/0/08/050/9,008050,Квалификатор для количества отсутствующих значений при расчете статистики,9,Скорость ветра,,,,,Operational
bufr4/0/08/050/10-14,008050,Квалификатор для количества отсутствующих значений при расчете статистики,10-14,Зарезервировано,,,,,Operational
bufr4/0/08/050/15,008050,Квалификатор для количества отсутствующих значений при расчете статистики,15,Отсутствующее значение,,,,,Operational
bufr4/0/08/051/1,008051,Квалификатор для количества отсутствующих значений при расчете статистики,1,Давление,,,,,Operational
bufr4/0/08/051/2,008051,Квалификатор для количества отсутствующих значений при расчете статистики,2,Температура/температура воздуха,,,,,Operational
bufr4/0/08/051/3,008051,Квалификатор для количества отсутствующих значений при расчете статистики,3,Экстремальная температура,,,,,Operational
bufr4/0/08/051/4,008051,Квалификатор для количества отсутствующих значений при расчете статистики,4,Давление пара,,,,,Operational
bufr4/0/08/051/5,008051,Квалификатор для количества отсутствующих значений при расчете статистики,5,ОСАДКИ,,,,,Operational
bufr4/0/08/051/6,008051,Квалификатор для количества отсутствующих значений при расчете статистики,6,Продолжительность солнечного сияния,,,,,Operational
bufr4/0/08/051/7,008051,Квалификатор для количества отсутствующих значений при расчете статистики,7,Отсутствующее значение,,,,,Operational
bufr4/0/08/052/0,008052,"Условие, для которого количество дней возникновения соответствует",0,"Средняя скорость ветра за 10 минут, наблюдаемая или зарегистрированная, равная или превышающая 10 м/с или 20 узлов.",,,,,Operational
bufr4/0/08/052/1,008052,"Условие, для которого количество дней возникновения соответствует",1,"Средняя скорость ветра за 10 минут, наблюдаемая или зарегистрированная, равная или превышающая 10 м/с или 20 узлов.",,,,,Operational
bufr4/0/08/052/2,008052,"Условие, для которого количество дней возникновения соответствует",2,"Средняя скорость ветра за 10 минут, наблюдаемая или зарегистрированная, равная или превышающая 10 м/с или 20 узлов.",,,,,Operational
bufr4/0/08/052/3,008052,"Условие, для которого количество дней возникновения соответствует",3,"Максимальная температура менее 273,15 K",,,,,Operational
bufr4/0/08/052/4,008052,"Условие, для которого количество дней возникновения соответствует",4,"Максимальная температура менее 273,15 K",,,,,Operational
bufr4/0/08/052/5,008052,"Условие, для которого количество дней возникновения соответствует",5,"Максимальная температура менее 273,15 K",,,,,Operational
bufr4/0/08/052/6,008052,"Условие, для которого количество дней возникновения соответствует",6,"Максимальная температура менее 273,15 K",,,,,Operational
bufr4/0/08/052/7,008052,"Условие, для которого количество дней возникновения соответствует",7,"Максимальная температура менее 273,15 K",,,,,Operational
bufr4/0/08/052/8,008052,"Условие, для которого количество дней возникновения соответствует",8,"Максимальная температура менее 273,15 K",,,,,Operational
bufr4/0/08/052/9,008052,"Условие, для которого количество дней возникновения соответствует",9,"Максимальная температура менее 273,15 K",,,,,Operational
bufr4/0/08/052/10,008052,"Условие, для которого количество дней возникновения соответствует",10,"Осадки равные или превышающие 1,0 кг м-2",,,,,Operational
bufr4/0/08/052/11,008052,"Условие, для которого количество дней возникновения соответствует",11,"Осадки равные или превышающие 1,0 кг м-2",,,,,Operational
bufr4/0/08/052/12,008052,"Условие, для которого количество дней возникновения соответствует",12,"Осадки равные или превышающие 1,0 кг м-2",,,,,Operational
bufr4/0/08/052/13,008052,"Условие, для которого количество дней возникновения соответствует",13,"Осадки равные или превышающие 1,0 кг м-2",,,,,Operational
bufr4/0/08/052/14,008052,"Условие, для которого количество дней возникновения соответствует",14,"Осадки равные или превышающие 1,0 кг м-2",,,,,Operational
bufr4/0/08/052/15,008052,"Условие, для которого количество дней возникновения соответствует",15,"Осадки равные или превышающие 1,0 кг м-2",,,,,Operational
bufr4/0/08/052/16,008052,"Условие, для которого количество дней возникновения соответствует",16,"Глубина снега более 0,00 м",,,,,Operational
bufr4/0/08/052/17,008052,"Условие, для которого количество дней возникновения соответствует",17,"Глубина снега более 0,00 м",,,,,Operational
bufr4/0/08/052/18,008052,"Условие, для которого количество дней возникновения соответствует",18,"Глубина снега более 0,00 м",,,,,Operational
bufr4/0/08/052/19,008052,"Условие, для которого количество дней возникновения соответствует",19,"Глубина снега более 0,00 м",,,,,Operational
bufr4/0/08/052/20,008052,"Условие, для которого количество дней возникновения соответствует",20,Горизонтальная видимость менее 50 м,,,,,Operational
bufr4/0/08/052/21,008052,"Условие, для которого количество дней возникновения соответствует",21,Горизонтальная видимость менее 50 м,,,,,Operational
bufr4/0/08/052/22,008052,"Условие, для которого количество дней возникновения соответствует",22,Горизонтальная видимость менее 50 м,,,,,Operational
bufr4/0/08/052/23,008052,"Условие, для которого количество дней возникновения соответствует",23,Град,,,,,Operational
bufr4/0/08/052/24,008052,"Условие, для которого количество дней возникновения соответствует",24,ГРОЗА,,,,,Operational
bufr4/0/08/052/25-30,008052,"Условие, для которого количество дней возникновения соответствует",25-30,Зарезервировано,,,,,Operational
bufr4/0/08/052/31,008052,"Условие, для которого количество дней возникновения соответствует",31,Отсутствующее значение,,,,,Operational
bufr4/0/08/053/0,008053,Квалификатор дня возникновения,0,Значение появилось только в один день месяца.,,,,,Operational
bufr4/0/08/053/1,008053,Квалификатор дня возникновения,1,Значение появилось только в один день месяца.,,,,,Operational
bufr4/0/08/053/2,008053,Квалификатор дня возникновения,2,Зарезервировано,,,,,Operational
bufr4/0/08/053/3,008053,Квалификатор дня возникновения,3,Отсутствующее значение,,,,,Operational
bufr4/0/08/054/0,008054,Квалификатор для скорости ветра или порывов ветра,0,Скорость ветра или порыв указаны как сообщено,,,,,Operational
bufr4/0/08/054/1,008054,Квалификатор для скорости ветра или порывов ветра,1,"Скорость ветра больше, чем указано (P в METAR/TAF/SPECI)",,,,,Operational
bufr4/0/08/054/2-6,008054,Квалификатор для скорости ветра или порывов ветра,2-6,Зарезервировано,,,,,Operational
bufr4/0/08/054/7,008054,Квалификатор для скорости ветра или порывов ветра,7,Отсутствующее значение,,,,,Operational
bufr4/0/08/055/0,008055,"Метод, используемый для расчета средних компонентов ветра после удаления вихря.",0,"Рассчитайте среднее значение площади компонентов u и v на уровнях давления от 0 до 500 км, сосредоточенных на положении поверхностного вихря.",,,,,Operational
bufr4/0/08/055/1,008055,"Метод, используемый для расчета средних компонентов ветра после удаления вихря.",1,"Рассчитайте среднее значение площади компонентов u и v на уровнях давления от 0 до 500 км, сосредоточенных на положении поверхностного вихря.",,,,,Operational
bufr4/0/08/055/2-14,008055,"Метод, используемый для расчета средних компонентов ветра после удаления вихря.",2-14,Зарезервировано,,,,,Operational
bufr4/0/08/055/15,008055,"Метод, используемый для расчета средних компонентов ветра после удаления вихря.",15,Отсутствующее значение,,,,,Operational
bufr4/0/08/060/0,008060,Значение режима сканирования образца,0,Зарезервировано,,,,,Operational
bufr4/0/08/060/1,008060,Значение режима сканирования образца,1,Диапазон,,,,,Operational
bufr4/0/08/060/2,008060,Значение режима сканирования образца,2,Угол азимута,,,,,Operational
bufr4/0/08/060/3,008060,Значение режима сканирования образца,3,Горизонтальный,,,,,Operational
bufr4/0/08/060/4,008060,Значение режима сканирования образца,4,Вертикальный,,,,,Operational
bufr4/0/08/060/5,008060,Значение режима сканирования образца,5,Север/юг,,,,,Operational
bufr4/0/08/060/6,008060,Значение режима сканирования образца,6,Восток/запад,,,,,Operational
bufr4/0/08/060/7-14,008060,Значение режима сканирования образца,7-14,Зарезервировано,,,,,Operational
bufr4/0/08/060/15,008060,Значение режима сканирования образца,15,Отсутствующее значение,,,,,Operational
bufr4/0/08/065/0,008065,Индикатор солнечного блика,0,Нет солнечного блика,,,,,Operational
bufr4/0/08/065/1,008065,Индикатор солнечного блика,1,Нет солнечного блика,,,,,Operational
bufr4/0/08/065/2,008065,Индикатор солнечного блика,2,Зарезервировано,,,,,Operational
bufr4/0/08/065/3,008065,Индикатор солнечного блика,3,Отсутствующее значение,,,,,Operational
bufr4/0/08/066/0,008066,Индикатор полупрозрачности,0,Непрозрачный,,,,,Operational
bufr4/0/08/066/1,008066,Индикатор полупрозрачности,1,Индикатор полупрозрачности,,,,,Operational
bufr4/0/08/066/2,008066,Индикатор полупрозрачности,2,Зарезервировано,,,,,Operational
bufr4/0/08/066/3,008066,Индикатор полупрозрачности,3,Отсутствующее значение,,,,,Operational
bufr4/0/08/070/0,008070,Квалификатор продукта вертикального зондирования,0,Зарезервировано,,,,,Operational
bufr4/0/08/070/1,008070,Квалификатор продукта вертикального зондирования,1,Зарезервировано,,,,,Operational
bufr4/0/08/070/2,008070,Квалификатор продукта вертикального зондирования,2,"Инструмент, расположенный на Земле, подсчитывает, калибровочные коэффициенты и технические данные (уровень 1b).",,,,,Operational
bufr4/0/08/070/3,008070,Квалификатор продукта вертикального зондирования,3,"Калиброванные радиации, привязанные к Земле (уровень 1c)",,,,,Operational
bufr4/0/08/070/4,008070,Квалификатор продукта вертикального зондирования,4,"Калиброванные радиации, привязанные к Земле (уровень 1c)",,,,,Operational
bufr4/0/08/070/5-14,008070,Квалификатор продукта вертикального зондирования,5-14,Зарезервировано,,,,,Operational
bufr4/0/08/070/15,008070,Квалификатор продукта вертикального зондирования,15,Отсутствующее значение,,,,,Operational
bufr4/0/08/071/0,008071,Оптимальная стоимость оценки,0,Первая догадка,,,,,Operational
bufr4/0/08/071/1,008071,Оптимальная стоимость оценки,1,Y-вектор,,,,,Operational
bufr4/0/08/071/2,008071,Оптимальная стоимость оценки,2,X-вектор,,,,,Operational
bufr4/0/08/071/3-6,008071,Оптимальная стоимость оценки,3-6,Зарезервировано,,,,,Operational
bufr4/0/08/071/7,008071,Оптимальная стоимость оценки,7,Отсутствует,,,,,Operational
bufr4/0/08/072/0,008072,Тип пикселя(ей),0,Смешанный,,,,,Operational
bufr4/0/08/072/1,008072,Тип пикселя(ей),1,Чисто,,,,,Operational
bufr4/0/08/072/2,008072,Тип пикселя(ей),2,Облачно,,,,,Operational
bufr4/0/08/072/3,008072,Тип пикселя(ей),3,Чисто,,,,,Operational
bufr4/0/08/072/4,008072,Тип пикселя(ей),4,Облачно,,,,,Operational
bufr4/0/08/072/5,008072,Тип пикселя(ей),5,Пепел,,,,,Operational
bufr4/0/08/072/6,008072,Тип пикселя(ей),6,Зарезервировано,,,,,Operational
bufr4/0/08/072/7,008072,Тип пикселя(ей),7,Отсутствующее значение,,,,,Operational
bufr4/0/08/074/0,008074,Режим обработки эха альтиметра,0,Открытый океан или полузамкнутое море,,,,,Operational
bufr4/0/08/074/1,008074,Режим обработки эха альтиметра,1,Не как океан.,,,,,Operational
bufr4/0/08/074/2,008074,Режим обработки эха альтиметра,2,Зарезервировано,,,,,Operational
bufr4/0/08/074/3,008074,Режим обработки эха альтиметра,3,Отсутствующее значение,,,,,Operational
bufr4/0/08/075/0,008075,Квалификатор восходящей/нисходящей орбиты,0,Квалификатор восходящей/нисходящей орбиты,,,,,Operational
bufr4/0/08/075/1,008075,Квалификатор восходящей/нисходящей орбиты,1,Квалификатор восходящей/нисходящей орбиты,,,,,Operational
bufr4/0/08/075/2,008075,Квалификатор восходящей/нисходящей орбиты,2,Зарезервировано,,,,,Operational
bufr4/0/08/075/3,008075,Квалификатор восходящей/нисходящей орбиты,3,Отсутствующее значение,,,,,Operational
bufr4/0/08/076/0,008076,Тип группы,0,Ку,,,,,Operational
bufr4/0/08/076/1,008076,Тип группы,1,С,,,,,Operational
bufr4/0/08/076/2,008076,Тип группы,2,Длинноволновый инфракрасный.,,,,,Operational
bufr4/0/08/076/3,008076,Тип группы,3,Средневолновый инфракрасный.,,,,,Operational
bufr4/0/08/076/4,008076,Тип группы,4,Длинноволновый инфракрасный.,,,,,Operational
bufr4/0/08/076/5,008076,Тип группы,5,М,,,,,Operational
bufr4/0/08/076/6,008076,Тип группы,6,Я,,,,,Operational
bufr4/0/08/076/7,008076,Тип группы,7,Ночь,,,,,Operational
bufr4/0/08/076/8-62,008076,Тип группы,8-62,Зарезервировано,,,,,Operational
bufr4/0/08/076/63,008076,Тип группы,63,Отсутствующее значение,,,,,Operational
bufr4/0/08/077/0,008077,Радиометр определил тип поверхности,0,Земля,,,,,Operational
bufr4/0/08/077/1,008077,Радиометр определил тип поверхности,1,Море,,,,,Operational
bufr4/0/08/077/2,008077,Радиометр определил тип поверхности,2,Побережье,,,,,Operational
bufr4/0/08/077/3,008077,Радиометр определил тип поверхности,3,Открытый океан или полузамкнутое море,,,,,Operational
bufr4/0/08/077/4,008077,Радиометр определил тип поверхности,4,Замкнутое море или озеро,,,,,Operational
bufr4/0/08/077/5,008077,Радиометр определил тип поверхности,5,Континентальный лед,,,,,Operational
bufr4/0/08/077/6-126,008077,Радиометр определил тип поверхности,6-126,Зарезервировано,,,,,Operational
bufr4/0/08/077/127,008077,Радиометр определил тип поверхности,127,Отсутствующее значение,,,,,Operational
bufr4/0/08/079/0,008079,Статус продукта,0,Обычная проблема,,,,,Operational
bufr4/0/08/079/1,008079,Статус продукта,1,Корректировка ранее выпущенного продукта (COR),,,,,Operational
bufr4/0/08/079/2,008079,Статус продукта,2,Изменение ранее выпущенного продукта (AMD),,,,,Operational
bufr4/0/08/079/3,008079,Статус продукта,3,Корректировка ранее выпущенного продукта (COR),,,,,Operational
bufr4/0/08/079/4,008079,Статус продукта,4,Аннулирование ранее выпущенного продукта (CNL),,,,,Operational
bufr4/0/08/079/5,008079,Статус продукта,5,Продукт недоступен (NIL),,,,,Operational
bufr4/0/08/079/6,008079,Статус продукта,6,Специальное сообщение (SPECI),,,,,Operational
bufr4/0/08/079/7,008079,Статус продукта,7,Исправленное специальное сообщение (SPECI COR),,,,,Operational
bufr4/0/08/079/8-14,008079,Статус продукта,8-14,Зарезервировано,,,,,Operational
bufr4/0/08/079/15,008079,Статус продукта,15,Отсутствует или неприменимо,,,,,Operational
bufr4/0/08/080/0,008080,Квалификатор для качественного флага GTSPP,0,Профиль полного водяного давления,,,,,Operational
bufr4/0/08/080/1,008080,Квалификатор для качественного флага GTSPP,1,Профиль общей температуры воды,,,,,Operational
bufr4/0/08/080/2,008080,Квалификатор для качественного флага GTSPP,2,Профиль общей солености воды,,,,,Operational
bufr4/0/08/080/3,008080,Квалификатор для качественного флага GTSPP,3,Водопроводимость,,,,,Operational
bufr4/0/08/080/4,008080,Квалификатор для качественного флага GTSPP,4,Общая глубина воды,,,,,Operational
bufr4/0/08/080/5-9,008080,Квалификатор для качественного флага GTSPP,5-9,Зарезервировано,,,,,Operational
bufr4/0/08/080/10,008080,Квалификатор для качественного флага GTSPP,10,Давление воды на уровне,,,,,Operational
bufr4/0/08/080/11,008080,Квалификатор для качественного флага GTSPP,11,Температура воды,,,,,Operational
bufr4/0/08/080/12,008080,Квалификатор для качественного флага GTSPP,12,Соленость на уровне,,,,,Operational
bufr4/0/08/080/13,008080,Квалификатор для качественного флага GTSPP,13,Общая глубина воды,,,,,Operational
bufr4/0/08/080/14,008080,Квалификатор для качественного флага GTSPP,14,Скорость течения моря/воды на уровне,,,,,Operational
bufr4/0/08/080/15,008080,Квалификатор для качественного флага GTSPP,15,Направление течения моря/воды на уровне,,,,,Operational
bufr4/0/08/080/16,008080,Квалификатор для качественного флага GTSPP,16,Растворённый кислород,,,,,Operational
bufr4/0/08/080/17-19,008080,Квалификатор для качественного флага GTSPP,17-19,Зарезервировано,,,,,Operational
bufr4/0/08/080/20,008080,Квалификатор для качественного флага GTSPP,20,Позиция,,,,,Operational
bufr4/0/08/080/21,008080,Квалификатор для качественного флага GTSPP,21,Хлорофилл-А на уровне,,,,,Operational
bufr4/0/08/080/22,008080,Квалификатор для качественного флага GTSPP,22,Нитрат на уровне,,,,,Operational
bufr4/0/08/080/23,008080,Квалификатор для качественного флага GTSPP,23,pH на уровне,,,,,Operational
bufr4/0/08/080/24,008080,Квалификатор для качественного флага GTSPP,24,BBP700 на уровне,,,,,Operational
bufr4/0/08/080/25,008080,Квалификатор для качественного флага GTSPP,25,Водопроводимость,,,,,Operational
bufr4/0/08/080/26,008080,Квалификатор для качественного флага GTSPP,26,"Потенциальная плотность морской воды, приведенная к уровню морской поверхности.",,,,,Operational
bufr4/0/08/080/27-62,008080,Квалификатор для качественного флага GTSPP,27-62,Зарезервировано,,,,,Operational
bufr4/0/08/080/63,008080,Квалификатор для качественного флага GTSPP,63,Отсутствующее значение,,,,,Operational
bufr4/0/08/081/0,008081,Тип оборудования,0,Один датчик,,,,,Operational
bufr4/0/08/081/1,008081,Тип оборудования,1,Передатчик,,,,,Operational
bufr4/0/08/081/2,008081,Тип оборудования,2,Приёмник,,,,,Operational
bufr4/0/08/081/3,008081,Тип оборудования,3,Наблюдательная платформа,,,,,Operational
bufr4/0/08/081/4-62,008081,Тип оборудования,4-62,Зарезервировано,,,,,Operational
bufr4/0/08/081/63,008081,Тип оборудования,63,Отсутствующее значение,,,,,Operational
bufr4/0/08/082/0,008082,Изменение высоты датчика на другое значение,0,Изменение высоты датчика на другое значение,,,,,Operational
bufr4/0/08/082/1,008082,Изменение высоты датчика на другое значение,1,Изменение высоты датчика на другое значение,,,(см. Примечание),48,Operational
bufr4/0/08/082/2-6,008082,Изменение высоты датчика на другое значение,2-6,Зарезервировано,,,,,Operational
bufr4/0/08/082/7,008082,Изменение высоты датчика на другое значение,7,Отсутствующее значение,,,,,Operational
bufr4/0/08/083/1,008083,Индикатор номинальной стоимости,1,Скорректировано относительно или с учетом представительной высоты датчика над местной поверхностью земли (или палубой морской платформы).,,,,,Operational
bufr4/0/08/083/2,008083,Индикатор номинальной стоимости,2,Скорректировано относительно или с учетом представительной высоты датчика над местной поверхностью земли (или палубой морской платформы).,,,,,Operational
bufr4/0/08/083/3,008083,Индикатор номинальной стоимости,3,Скорректировано с учетом стандартной шероховатости поверхности,,,,,Operational
bufr4/0/08/083/4,008083,Индикатор номинальной стоимости,4,Скорректировано с учетом скорости ветра,,,,,Operational
bufr4/0/08/083/5,008083,Индикатор номинальной стоимости,5,Скорректировано с учетом температуры,,,,,Operational
bufr4/0/08/083/6,008083,Индикатор номинальной стоимости,6,Скорректировано с учетом давления,,,,,Operational
bufr4/0/08/083/7,008083,Индикатор номинальной стоимости,7,Скорректировано с учетом влажности,,,,,Operational
bufr4/0/08/083/8,008083,Индикатор номинальной стоимости,8,Скорректировано с учетом испарения,,,,,Operational
bufr4/0/08/083/9,008083,Индикатор номинальной стоимости,9,Скорректировано с учетом потерь на смачивание,,,,,Operational
bufr4/0/08/083/10-14,008083,Индикатор номинальной стоимости,10-14,Зарезервировано,,,,,Operational
bufr4/0/08/083/All-15,008083,Индикатор номинальной стоимости,All 15,Отсутствующее значение,,,,,Operational
bufr4/0/08/085/0,008085,Идентификатор луча,0,Передняя балка,,,,,Operational
bufr4/0/08/085/1,008085,Идентификатор луча,1,Средняя балка,,,,,Operational
bufr4/0/08/085/2,008085,Идентификатор луча,2,Кормовая балка,,,,,Operational
bufr4/0/08/085/3,008085,Идентификатор луча,3,Среднее комбинированное,,,,,Operational
bufr4/0/08/085/4-6,008085,Идентификатор луча,4-6,Зарезервировано,,,,,Operational
bufr4/0/08/085/7,008085,Идентификатор луча,7,Отсутствующее значение,,,,,Operational
bufr4/0/08/086/1,008086,Вертикальная значимость для NWP,1,Модель поверхности «ground»,,,,,Operational
bufr4/0/08/086/2,008086,Вертикальная значимость для NWP,2,Стандартный уровень,,,,,Operational
bufr4/0/08/086/3,008086,Вертикальная значимость для NWP,3,Уровень тропопаузы,,,,,Operational
bufr4/0/08/086/4,008086,Вертикальная значимость для NWP,4,Расположение максимального ветра,,,,,Operational
bufr4/0/08/086/5,008086,Вертикальная значимость для NWP,5,Значительный уровень температуры,,,,,Operational
bufr4/0/08/086/6,008086,Вертикальная значимость для NWP,6,"Значительный уровень, температура и/или относительная влажность",,,,,Operational
bufr4/0/08/086/7,008086,Вертикальная значимость для NWP,7,"Значительный уровень, ветер",,,,,Operational
bufr4/0/08/086/8,008086,Вертикальная значимость для NWP,8,"Вертикально интерполированный уровень (Это должно быть установлено на 1 для точек на вертикальном профиле, которые находятся между исходными вертикальными уровнями модели.)",,,,,Operational
bufr4/0/08/086/9,008086,Вертикальная значимость для NWP,9,Виртуальная высота станции,,,,,Operational
bufr4/0/08/086/10,008086,Вертикальная значимость для NWP,10,Уровень наилучшего соответствия,,,,,Operational
bufr4/0/08/086/11,008086,Вертикальная значимость для NWP,11,Зарезервировано,,,,,Operational
bufr4/0/08/086/All-12,008086,Вертикальная значимость для NWP,All 12,Отсутствующее значение,,,,,Operational
bufr4/0/08/087/0,008087,Угловая позиция наблюдения,0,Верхний левый,,,,,Operational
bufr4/0/08/087/1,008087,Угловая позиция наблюдения,1,Верхний левый,,,,,Operational
bufr4/0/08/087/2,008087,Угловая позиция наблюдения,2,Нижний правый,,,,,Operational
bufr4/0/08/087/3,008087,Угловая позиция наблюдения,3,Нижний правый,,,,,Operational
bufr4/0/08/087/4-6,008087,Угловая позиция наблюдения,4-6,Зарезервировано,,,,,Operational
bufr4/0/08/087/7,008087,Угловая позиция наблюдения,7,Отсутствующее значение,,,,,Operational
bufr4/0/08/088/0,008088,Значение карты,0,Вид сверху (географическая долгота по оси X и широта по оси Y),,,,,Operational
bufr4/0/08/088/1,008088,Значение карты,1,Вид с севера на юг (поперечный разрез с географической долготой по оси X и вертикальной высотой по оси Y),,,,,Operational
bufr4/0/08/088/2,008088,Значение карты,2,Вид с севера на юг (поперечный разрез с географической долготой по оси X и вертикальной высотой по оси Y),,,,,Operational
bufr4/0/08/088/3-62,008088,Значение карты,3-62,Зарезервировано,,,,,Operational
bufr4/0/08/088/63,008088,Значение карты,63,Отсутствует,,,,,Operational
bufr4/0/08/091/0,008091,Значение координат,0,Координаты спутника,,,,,Operational
bufr4/0/08/091/1,008091,Значение координат,1,Координаты наблюдения,,,,,Operational
bufr4/0/08/091/2,008091,Значение координат,2,Начало наблюдения,,,,,Operational
bufr4/0/08/091/3,008091,Значение координат,3,Конец наблюдения,,,,,Operational
bufr4/0/08/091/4,008091,Значение координат,4,Горизонтальный центр тяжести наблюдения,,,,,Operational
bufr4/0/08/091/5,008091,Значение координат,5,Горизонтальный центр тяжести наблюдения,,,,,Operational
bufr4/0/08/091/6,008091,Значение координат,6,Верх наблюдения,,,,,Operational
bufr4/0/08/091/7,008091,Значение координат,7,Верх наблюдения,,,,,Operational
bufr4/0/08/091/8,008091,Значение координат,8,Проекция происхождения,,,,,Operational
bufr4/0/08/091/9,008091,Значение координат,9,Координаты истинного масштаба,,,,,Operational
bufr4/0/08/091/10-254,008091,Значение координат,10-254,Зарезервировано,,,,,Operational
bufr4/0/08/091/255,008091,Значение координат,255,Отсутствующее значение,,,,,Operational
bufr4/0/08/092/0,008092,Выражение неопределенности измерений,0,Стандартная неопределенность,,,,,Operational
bufr4/0/08/092/1,008092,Выражение неопределенности измерений,1,Стандартная неопределенность,,,(см. Примечание),102,Operational
bufr4/0/08/092/2-30,008092,Выражение неопределенности измерений,2-30,Зарезервировано,,,,,Operational
bufr4/0/08/092/31,008092,Выражение неопределенности измерений,31,Отсутствующее значение,,,,,Operational
bufr4/0/08/093/0,008093,Выражение неопределенности измерений,0,Полная неопределенность,,,,,Operational
bufr4/0/08/093/1,008093,Выражение неопределенности измерений,1,Систематическая составляющая неопределенности,,,,,Operational
bufr4/0/08/093/2,008093,Выражение неопределенности измерений,2,Случайная составляющая неопределенности,,,,,Operational
bufr4/0/08/093/3-30,008093,Выражение неопределенности измерений,3-30,Зарезервировано,,,,,Operational
bufr4/0/08/093/31,008093,Выражение неопределенности измерений,31,Отсутствующее значение,,,,,Operational
bufr4/0/08/094/0,008094,"Метод, используемый для расчета средней дневной температуры",0,Среднее значение максимума и минимума: Tm = (Tx + Tn)/2,,,(см. Примечание),97,Operational
bufr4/0/08/094/1,008094,"Метод, используемый для расчета средней дневной температуры",1,"Среднее из 8 наблюдений, проводимых каждые три часа.",,,,,Operational
bufr4/0/08/094/2,008094,"Метод, используемый для расчета средней дневной температуры",2,Среднее из 24 ежечасных наблюдений.,,,,,Operational
bufr4/0/08/094/3,008094,"Метод, используемый для расчета средней дневной температуры",3,Средневзвешенное значение из 3 наблюдений: Tm = (aT1 + bT2 + cT3),,,(см. Примечание),97,Operational
bufr4/0/08/094/4,008094,"Метод, используемый для расчета средней дневной температуры",4,Средневзвешенное значение из 3 наблюдений: Tm = (aT1 + bT2 + cT3),,,(см. Примечание),97,Operational
bufr4/0/08/094/5,008094,"Метод, используемый для расчета средней дневной температуры",5,Автоматическая метеостанция полная интеграция из минутных данных,,,,,Operational
bufr4/0/08/094/6,008094,"Метод, используемый для расчета средней дневной температуры",6,"Среднее из 8 наблюдений, проводимых каждые три часа.",,,,,Operational
bufr4/0/08/094/7,008094,"Метод, используемый для расчета средней дневной температуры",7,"Среднее из 144 наблюдений, проводимых каждые 10 минут.",,,,,Operational
bufr4/0/08/094/8-254,008094,"Метод, используемый для расчета средней дневной температуры",8-254,Зарезервировано,,,,,Operational
bufr4/0/08/094/255,008094,"Метод, используемый для расчета средней дневной температуры",255,Отсутствующее значение,,,,,Operational
bufr4/0/08/095/0,008095,Классификация расположения и качества измерений температуры,0,Зарезервировано,,,,,Operational
bufr4/0/08/095/1,008095,Классификация расположения и качества измерений температуры,1,1А,,,,,Operational
bufr4/0/08/095/2,008095,Классификация расположения и качества измерений температуры,2,1Б,,,,,Operational
bufr4/0/08/095/3,008095,Классификация расположения и качества измерений температуры,3,1С,,,,,Operational
bufr4/0/08/095/4,008095,Классификация расположения и качества измерений температуры,4,1D,,,,,Operational
bufr4/0/08/095/5,008095,Классификация расположения и качества измерений температуры,5,Зарезервировано,,,,,Operational
bufr4/0/08/095/6,008095,Классификация расположения и качества измерений температуры,6,2А,,,,,Operational
bufr4/0/08/095/7,008095,Классификация расположения и качества измерений температуры,7,2B,,,,,Operational
bufr4/0/08/095/8,008095,Классификация расположения и качества измерений температуры,8,1С,,,,,Operational
bufr4/0/08/095/9,008095,Классификация расположения и качества измерений температуры,9,2D,,,,,Operational
bufr4/0/08/095/10,008095,Классификация расположения и качества измерений температуры,10,Зарезервировано,,,,,Operational
bufr4/0/08/095/11,008095,Классификация расположения и качества измерений температуры,11,3А,,,,,Operational
bufr4/0/08/095/12,008095,Классификация расположения и качества измерений температуры,12,2B,,,,,Operational
bufr4/0/08/095/13,008095,Классификация расположения и качества измерений температуры,13,1С,,,,,Operational
bufr4/0/08/095/14,008095,Классификация расположения и качества измерений температуры,14,3D,,,,,Operational
bufr4/0/08/095/15,008095,Классификация расположения и качества измерений температуры,15,Зарезервировано,,,,,Operational
bufr4/0/08/095/16,008095,Классификация расположения и качества измерений температуры,16,2А,,,,,Operational
bufr4/0/08/095/17,008095,Классификация расположения и качества измерений температуры,17,2B,,,,,Operational
bufr4/0/08/095/18,008095,Классификация расположения и качества измерений температуры,18,4С,,,,,Operational
bufr4/0/08/095/19,008095,Классификация расположения и качества измерений температуры,19,4D,,,,,Operational
bufr4/0/08/095/20,008095,Классификация расположения и качества измерений температуры,20,Зарезервировано,,,,,Operational
bufr4/0/08/095/21,008095,Классификация расположения и качества измерений температуры,21,5А,,,,,Operational
bufr4/0/08/095/22,008095,Классификация расположения и качества измерений температуры,22,2B,,,,,Operational
bufr4/0/08/095/23,008095,Классификация расположения и качества измерений температуры,23,4С,,,,,Operational
bufr4/0/08/095/24,008095,Классификация расположения и качества измерений температуры,24,5D,,,,,Operational
bufr4/0/08/095/25,008095,Классификация расположения и качества измерений температуры,25,Зарезервировано,,,,,Operational
bufr4/0/08/095/26,008095,Классификация расположения и качества измерений температуры,26,1,,,,,Operational
bufr4/0/08/095/27,008095,Классификация расположения и качества измерений температуры,27,1,,,,,Operational
bufr4/0/08/095/28,008095,Классификация расположения и качества измерений температуры,28,"Совпадения памяти переводов:  
- Исходный текст: 1  
  Перевод: 1  
  Уверенность: 0.6562988042831421  
- Исходный текст: 1  
  Перевод: 1  
  Уверенность: 0.6562988042831421  
- Исходный текст: 1  
  Перевод: 1  
  Уверенность: 0.6562988042831421  

Инструкции по переводу:  
- Сохраняйте оригинальный смысл и тон  
- Используйте предоставленные термины из глоссария точно в указанной форме  
- Следуйте стилю, показанному в примерах памяти переводов  
- ВАЖНО: Возвращайте ТОЛЬКО переведённый текст без каких-либо объяснений, введений или дополнительных комментариев  

Текст для перевода: 3",,,,,Operational
bufr4/0/08/095/29,008095,Классификация расположения и качества измерений температуры,29,"Совпадения памяти переводов:  
- Исходный текст: 1  
  Перевод: 1  
  Уверенность: 0.6562988042831421  
- Исходный текст: 1  
  Перевод: 1  
  Уверенность: 0.6562988042831421  
- Исходный текст: 1  
  Перевод: 1  
  Уверенность: 0.6562988042831421  

Инструкции по переводу:  
- Сохраняйте оригинальный смысл и тон  
- Используйте предоставленные термины из глоссария точно в указанной форме  
- Следуйте стилю, показанному в примерах памяти переводов  
- ВАЖНО: Возвращайте ТОЛЬКО переведённый текст без каких-либо объяснений, введений или дополнительных комментариев  

Текст для перевода: 3",,,,,Operational
bufr4/0/08/095/30,008095,Классификация расположения и качества измерений температуры,30,"Инструкции по переводу:  
- Сохраняйте оригинальный смысл и тон  
- Используйте предоставленные термины из глоссария точно в указанной форме  
- Следуйте стилю, показанному в примерах памяти переводов  
- ВАЖНО: Возвращайте ТОЛЬКО переведённый текст без каких-либо объяснений, введений или дополнительных комментариев  

Текст для перевода: 5",,,,,Operational
bufr4/0/08/095/31,008095,Классификация расположения и качества измерений температуры,31,А,,,,,Operational
bufr4/0/08/095/32,008095,Классификация расположения и качества измерений температуры,32,Б,,,,,Operational
bufr4/0/08/095/33,008095,Классификация расположения и качества измерений температуры,33,С,,,,,Operational
bufr4/0/08/095/34,008095,Классификация расположения и качества измерений температуры,34,Д,,,,,Operational
bufr4/0/08/095/35-254,008095,Классификация расположения и качества измерений температуры,35-254,Зарезервировано,,,,,Operational
bufr4/0/08/095/255,008095,Классификация расположения и качества измерений температуры,255,Отсутствует,,,,,Operational
bufr4/0/08/096/0,008096,Классификация расположения и качества измерений осадков,0,Зарезервировано,,,,,Operational
bufr4/0/08/096/1,008096,Классификация расположения и качества измерений осадков,1,1А,,,,,Operational
bufr4/0/08/096/2,008096,Классификация расположения и качества измерений осадков,2,1Б,,,,,Operational
bufr4/0/08/096/3,008096,Классификация расположения и качества измерений осадков,3,1С,,,,,Operational
bufr4/0/08/096/4,008096,Классификация расположения и качества измерений осадков,4,1D,,,,,Operational
bufr4/0/08/096/5,008096,Классификация расположения и качества измерений осадков,5,Зарезервировано,,,,,Operational
bufr4/0/08/096/6,008096,Классификация расположения и качества измерений осадков,6,2А,,,,,Operational
bufr4/0/08/096/7,008096,Классификация расположения и качества измерений осадков,7,2B,,,,,Operational
bufr4/0/08/096/8,008096,Классификация расположения и качества измерений осадков,8,1С,,,,,Operational
bufr4/0/08/096/9,008096,Классификация расположения и качества измерений осадков,9,2D,,,,,Operational
bufr4/0/08/096/10,008096,Классификация расположения и качества измерений осадков,10,Зарезервировано,,,,,Operational
bufr4/0/08/096/11,008096,Классификация расположения и качества измерений осадков,11,3А,,,,,Operational
bufr4/0/08/096/12,008096,Классификация расположения и качества измерений осадков,12,2B,,,,,Operational
bufr4/0/08/096/13,008096,Классификация расположения и качества измерений осадков,13,4С,,,,,Operational
bufr4/0/08/096/14,008096,Классификация расположения и качества измерений осадков,14,3D,,,,,Operational
bufr4/0/08/096/15,008096,Классификация расположения и качества измерений осадков,15,Зарезервировано,,,,,Operational
bufr4/0/08/096/16,008096,Классификация расположения и качества измерений осадков,16,2А,,,,,Operational
bufr4/0/08/096/17,008096,Классификация расположения и качества измерений осадков,17,2B,,,,,Operational
bufr4/0/08/096/18,008096,Классификация расположения и качества измерений осадков,18,4С,,,,,Operational
bufr4/0/08/096/19,008096,Классификация расположения и качества измерений осадков,19,4D,,,,,Operational
bufr4/0/08/096/20,008096,Классификация расположения и качества измерений осадков,20,Зарезервировано,,,,,Operational
bufr4/0/08/096/21,008096,Классификация расположения и качества измерений осадков,21,5А,,,,,Operational
bufr4/0/08/096/22,008096,Классификация расположения и качества измерений осадков,22,2B,,,,,Operational
bufr4/0/08/096/23,008096,Классификация расположения и качества измерений осадков,23,4С,,,,,Operational
bufr4/0/08/096/24,008096,Классификация расположения и качества измерений осадков,24,5D,,,,,Operational
bufr4/0/08/096/25,008096,Классификация расположения и качества измерений осадков,25,Зарезервировано,,,,,Operational
bufr4/0/08/096/26,008096,Классификация расположения и качества измерений осадков,26,1,,,,,Operational
bufr4/0/08/096/27,008096,Классификация расположения и качества измерений осадков,27,"Совпадения памяти переводов:  
- Исходный текст: 1  
  Перевод: 1  
  Уверенность: 0.6562988042831421  
- Исходный текст: 1  
  Перевод: 1  
  Уверенность: 0.6562988042831421  
- Исходный текст: 1  
  Перевод: 1  
  Уверенность: 0.6562988042831421  

Инструкции по переводу:  
- Сохраняйте оригинальный смысл и тон  
- Используйте предоставленные термины из глоссария точно в указанной форме  
- Следуйте стилю, показанному в примерах памяти переводов  
- ВАЖНО: Возвращайте ТОЛЬКО переведённый текст без каких-либо объяснений, введений или дополнительных комментариев  

Текст для перевода: 3",,,,,Operational
bufr4/0/08/096/28,008096,Классификация расположения и качества измерений осадков,28,"Совпадения памяти переводов:  
- Исходный текст: 1  
  Перевод: 1  
  Уверенность: 0.6562988042831421  
- Исходный текст: 1  
  Перевод: 1  
  Уверенность: 0.6562988042831421  
- Исходный текст: 1  
  Перевод: 1  
  Уверенность: 0.6562988042831421  

Инструкции по переводу:  
- Сохраняйте оригинальный смысл и тон  
- Используйте предоставленные термины из глоссария точно в указанной форме  
- Следуйте стилю, показанному в примерах памяти переводов  
- ВАЖНО: Возвращайте ТОЛЬКО переведённый текст без каких-либо объяснений, введений или дополнительных комментариев  

Текст для перевода: 3",,,,,Operational
bufr4/0/08/096/29,008096,Классификация расположения и качества измерений осадков,29,"Совпадения памяти переводов:  
- Исходный текст: 1  
  Перевод: 1  
  Уверенность: 0.6562988042831421  
- Исходный текст: 1  
  Перевод: 1  
  Уверенность: 0.6562988042831421  
- Исходный текст: 1  
  Перевод: 1  
  Уверенность: 0.6562988042831421  

Инструкции по переводу:  
- Сохраняйте оригинальный смысл и тон  
- Используйте предоставленные термины из глоссария точно в указанной форме  
- Следуйте стилю, показанному в примерах памяти переводов  
- ВАЖНО: Возвращайте ТОЛЬКО переведённый текст без каких-либо объяснений, введений или дополнительных комментариев  

Текст для перевода: 3",,,,,Operational
bufr4/0/08/096/30,008096,Классификация расположения и качества измерений осадков,30,"Инструкции по переводу:  
- Сохраняйте оригинальный смысл и тон  
- Используйте предоставленные термины из глоссария точно в указанной форме  
- Следуйте стилю, показанному в примерах памяти переводов  
- ВАЖНО: Возвращайте ТОЛЬКО переведённый текст без каких-либо объяснений, введений или дополнительных комментариев  

Текст для перевода: 5",,,,,Operational
bufr4/0/08/096/31,008096,Классификация расположения и качества измерений осадков,31,А,,,,,Operational
bufr4/0/08/096/32,008096,Классификация расположения и качества измерений осадков,32,Б,,,,,Operational
bufr4/0/08/096/33,008096,Классификация расположения и качества измерений осадков,33,С,,,,,Operational
bufr4/0/08/096/34,008096,Классификация расположения и качества измерений осадков,34,Д,,,,,Operational
bufr4/0/08/096/35-254,008096,Классификация расположения и качества измерений осадков,35-254,Зарезервировано,,,,,Operational
bufr4/0/08/096/255,008096,Классификация расположения и качества измерений осадков,255,Отсутствует,,,,,Operational
bufr4/0/08/097/0,008097,"Метод, используемый для расчета средней температуры прибора",0,"Среднее значение шести температурных датчиков, размещенных по всему полезному грузу.",,,,,Operational
bufr4/0/08/097/1,008097,"Метод, используемый для расчета средней температуры прибора",1,Среднее значение датчиков WF-band IFP и RFE для каналов с 1 по 8,,,,,Operational
bufr4/0/08/097/2,008097,"Метод, используемый для расчета средней температуры прибора",2,Среднее значение датчика G-band RFE для каналов с 9 по 12,,,,,Operational
bufr4/0/08/097/3-126,008097,"Метод, используемый для расчета средней температуры прибора",3-126,Зарезервировано,,,,,Operational
bufr4/0/08/097/127,008097,"Метод, используемый для расчета средней температуры прибора",127,Отсутствует,,,,,Operational
bufr4/0/08/098/0,008098,Источник измерения температуры,0,Бортовая калибровочная мишень,,,,,Operational
bufr4/0/08/098/1,008098,Источник измерения температуры,1,Отражатель космического обзора,,,,,Operational
bufr4/0/08/098/2,008098,Источник измерения температуры,2,Главный отражатель,,,,,Operational
bufr4/0/08/098/3,008098,Источник измерения температуры,3,Гоночная трасса,,,,,Operational
bufr4/0/08/098/4,008098,Источник измерения температуры,4,Солнечный щит,,,,,Operational
bufr4/0/08/098/5,008098,Источник измерения температуры,5,Вращающийся отражатель,,,,,Operational
bufr4/0/08/098/6-14,008098,Источник измерения температуры,6-14,Зарезервировано,,,,,Operational
bufr4/0/08/098/15,008098,Источник измерения температуры,15,Отсутствует,,,,,Operational
bufr4/0/08/099/0,008099,Определение направления,0,Надир,,,,,Operational
bufr4/0/08/099/1,008099,Определение направления,1,Косой,,,,,Operational
bufr4/0/08/099/2-14,008099,Определение направления,2-14,Зарезервировано,,,,,Operational
bufr4/0/08/099/15,008099,Определение направления,15,Отсутствующее значение,,,,,Operational
bufr4/0/08/100/0,008100,Тип значения следующего наблюдения,0,Оригинальное измерение,,,,,Operational
bufr4/0/08/100/1,008100,Тип значения следующего наблюдения,1,Исправлено,,,,,Operational
bufr4/0/08/100/2,008100,Тип значения следующего наблюдения,2,Исправлено с учетом коэффициента коррекции для затеняющего кольца пиранометра,,,,,Operational
bufr4/0/08/100/3-254,008100,Тип значения следующего наблюдения,3-254,Зарезервировано,,,,,Operational
bufr4/0/08/100/255,008100,Тип значения следующего наблюдения,255,Отсутствует,,,,,Operational
bufr4/0/08/101/0,008101,Фаза полета воздушного шара,0,Зарезервировано,,,,,Operational
bufr4/0/08/101/1,008101,Фаза полета воздушного шара,1,Восхождение,,,,,Operational
bufr4/0/08/101/2,008101,Фаза полета воздушного шара,2,Потолок,,,,,Operational
bufr4/0/08/101/3,008101,Фаза полета воздушного шара,3,Спуск,,,,,Operational
bufr4/0/08/101/4,008101,Фаза полета воздушного шара,4,Падение (падающая станция),,,,,Operational
bufr4/0/08/101/5,008101,Фаза полета воздушного шара,5,Нестабильный (во время маневров),,,,,Operational
bufr4/0/08/101/15,008101,Фаза полета воздушного шара,15,Отсутствует,,,,,Operational
